employee_id,age,depot,absent_days,tot_opd_kms,hours,tot_schedules,palle_schedules,suplux_schedules,express_schedules,day_schedules,night_schedules,bus_age_0to5,bus_age_5to10,bus_age_above10,bus_kms_0to5l,bus_kms_5to10l,bus_kms_above10l,creatinine_value,creatinine_interpret,blood_pressure_systolic,blood_pressure_diastolic,blood_pressure_interpret,hemoglobin_value,hemoglobin_interpret,glucose_random_value,glucose_interpret,bilirubin_value,bilirubin_interpret,total_cholestrol,final_grading,PERF,ECG_interpret,BMI,alcohol,smoke,tobacco
150010,56,Mahaboobnagar,9.0,111146.0,3630.0,201.0,8.0,172.0,20.0,53.0,148.0,110.0,58.0,8.0,120.0,42.0,14.0,1.0,Normal,136,136,Elevated,14.4,Normal,99.0,Normal,0.82,Normal,235,C,300,Within Normal Limits,22,1,0,0
150011,53,Mahaboobnagar,11.0,103187.0,3290.0,181.5,6.5,153.0,22.0,41.5,140.0,108.0,37.0,17.5,120.5,27.0,15.0,0.87,Normal,136,136,Elevated,11.0,Borderline Low,74.2,Normal,0.46,Normal,132,C,0,Within Normal Limits,0,0,0,0
150066,56,Mahaboobnagar,5.0,74428.0,2426.0,204.0,105.0,1.0,98.0,191.0,13.0,3.0,143.0,55.0,35.0,79.0,87.0,0.8,Normal,107,107,Normal,15.0,Normal,137.0,Normal,0.97,Normal,232,C,350,Within Normal Limits,17,1,1,0
150071,57,Mahaboobnagar,4.0,74964.0,3472.0,219.0,206.0,0.0,13.0,104.0,115.0,0.0,16.0,201.0,96.0,91.0,30.0,1.0,Normal,149,149,Stage-1 Hypertension,14.3,Normal,115.0,Normal,0.33,Normal,206,C,320,Within Normal Limits,23,1,0,0
150074,53,Mahaboobnagar,7.0,74451.0,2259.0,209.0,107.0,0.0,102.0,197.0,12.0,1.0,137.0,71.0,45.0,42.0,122.0,1.2,High Creatinine,134,134,Elevated,13.0,Normal,117.0,Normal,1.12,Normal,200,C,350,Within Normal Limits,22,0,0,0
150106,56,Mahaboobnagar,12.0,70693.0,3470.0,194.0,191.0,0.0,3.0,49.0,145.0,0.0,12.0,181.0,121.0,14.0,58.0,0.4,Normal,120,120,Normal,14.0,Normal,103.0,Normal,0.8,Normal,228,C,0,Within Normal Limits,0,0,0,0
150110,59,Mahaboobnagar,35.0,61285.0,2821.0,173.0,172.0,0.0,1.0,81.0,92.0,0.0,5.0,166.0,62.0,90.0,19.0,1.4,High Creatinine,137,137,Elevated,12.8,Borderline Low,115.0,Normal,0.99,Normal,237,C,0,Within Normal Limits,0,0,0,0
150112,59,Mahaboobnagar,167.0,0.0,0.0,0.0,0.0,0.0,0.0,0.0,0.0,0.0,0.0,0.0,0.0,0.0,0.0,0.0,,0,0,,0.0,,0.0,,0.0,,0,,260,,22,1,1,0
150120,55,Mahaboobnagar,1.0,67020.0,3303.0,199.0,198.0,0.0,1.0,105.0,94.0,0.0,16.0,181.0,21.0,8.0,168.0,1.1,Normal,125,125,Normal,14.2,Normal,149.0,Prediabetes,0.77,Normal,196,C,200,Within Normal Limits,20,0,0,0
150125,58,Mahaboobnagar,6.0,78799.0,2551.0,247.0,27.0,114.0,20.0,182.0,65.0,19.0,68.0,124.0,65.0,60.0,86.0,0.5,Normal,178,178,Stage-2 Hypertension,11.0,Borderline Low,114.0,Normal,1.29,High Bilirubin,226,D,350,Within Normal Limits,20,0,0,0
150237,57,Mahaboobnagar,4.0,73162.0,2244.0,199.0,106.0,0.0,93.0,182.0,17.0,0.0,135.0,61.0,34.0,48.0,114.0,1.5,High Creatinine,119,119,Normal,11.7,Borderline Low,100.0,Normal,0.58,Normal,194,C,0,Within Normal Limits,0,0,0,0
150261,56,Mahaboobnagar,26.0,27170.0,1300.0,82.5,75.5,1.0,4.0,32.5,50.0,0.0,9.0,73.5,26.5,39.0,17.0,1.0,Normal,120,120,Normal,14.0,Normal,147.0,Prediabetes,1.25,High Bilirubin,213,C,350,Within Normal Limits,28,1,0,0
150262,54,Mahaboobnagar,7.0,46908.0,1486.0,131.0,72.0,0.0,59.0,131.0,0.0,1.0,89.0,40.0,21.0,53.0,56.0,1.5,High Creatinine,141,141,Stage-1 Hypertension,16.4,Normal,128.0,Normal,1.03,Normal,237,C,250,Abnormal,25,0,0,0
150263,55,Mahaboobnagar,13.0,45218.0,1499.0,127.0,75.0,0.0,52.0,116.0,11.0,1.0,57.0,61.0,42.0,35.0,42.0,0.9,Normal,125,125,Normal,13.2,Normal,122.0,Normal,0.98,Normal,155,A,0,Within Normal Limits,0,0,0,0
150268,58,Mahaboobnagar,11.0,65995.0,3191.0,185.0,181.0,0.0,4.0,48.0,137.0,1.0,13.0,165.0,117.0,21.0,41.0,0.7,Normal,138,138,Elevated,12.3,Borderline Low,124.0,Normal,0.76,Normal,228,C,205,Within Normal Limits,27,1,0,1
150280,52,Mahaboobnagar,8.0,92280.0,3045.0,184.0,3.0,177.0,1.0,86.0,98.0,88.0,80.0,5.0,100.0,59.0,14.0,0.9,Normal,125,125,Normal,15.0,Normal,132.0,Normal,0.9,Normal,154,A,0,Within Normal Limits,0,0,0,0
150288,59,Mahaboobnagar,66.0,400.0,12.0,1.0,1.0,0.0,0.0,1.0,0.0,0.0,0.0,1.0,0.0,1.0,0.0,1.0,Normal,149,149,Stage-1 Hypertension,13.0,Normal,132.0,Normal,0.98,Normal,121,C,150,Within Normal Limits,21,1,0,0
150302,59,Mahaboobnagar,3.0,57642.0,1878.0,216.0,149.0,4.0,38.0,189.0,27.0,7.0,30.0,175.0,161.0,16.0,35.0,1.1,Normal,112,112,Normal,12.4,Borderline Low,141.0,Prediabetes,1.06,Normal,218,C,210,Within Normal Limits,22,1,0,0
150397,54,Mahaboobnagar,3.0,77090.0,2426.0,215.0,112.0,1.0,102.0,214.0,1.0,2.0,153.0,53.0,27.0,79.0,102.0,1.4,High Creatinine,170,170,Stage-2 Hypertension,11.2,Borderline Low,121.0,Normal,0.88,Normal,211,D,350,Within Normal Limits,20,0,0,0
150403,54,Mahaboobnagar,19.0,108994.0,3551.0,220.5,4.0,167.0,48.5,87.5,133.0,108.0,60.5,28.0,142.0,45.5,9.0,1.1,Normal,138,138,Elevated,13.0,Normal,127.0,Normal,1.11,Normal,241,C,200,Within Normal Limits,27,0,0,0
150431,58,Mahaboobnagar,2.0,37796.0,1329.0,63.0,39.0,4.0,19.0,34.0,29.0,4.0,21.0,34.0,27.0,12.0,20.0,1.1,Normal,123,123,Normal,13.1,Normal,115.0,Normal,1.19,Normal,198,C,350,Abnormal,20,1,1,0
150556,55,Mahaboobnagar,16.0,87251.0,2720.0,189.0,2.0,174.0,11.0,103.0,86.0,63.0,97.0,10.0,83.0,74.0,13.0,0.7,Normal,147,147,Stage-1 Hypertension,17.2,Normal,114.0,Normal,0.46,Normal,198,C,220,Minor St T Abnormalities,25,1,1,0
150717,59,Mahaboobnagar,65.0,54044.0,2620.0,147.5,147.5,0.0,0.0,52.5,95.0,0.0,9.0,137.5,57.0,43.5,46.0,0.0,,0,0,,0.0,,0.0,,0.0,,0,,300,,24,1,0,0
150809,55,Mahaboobnagar,7.0,137946.0,4204.0,236.0,5.0,204.0,27.0,54.0,182.0,171.0,39.0,9.0,179.0,20.0,20.0,1.3,High Creatinine,160,160,Stage-1 Hypertension,15.3,Normal,99.0,Normal,0.48,Normal,212,C,0,Within Normal Limits,0,0,0,0
150832,55,Mahaboobnagar,7.0,55476.0,1806.0,97.0,2.0,92.0,3.0,21.0,76.0,58.0,22.0,1.0,61.0,17.0,3.0,0.0,,0,0,,0.0,,0.0,,0.0,,0,,230,,27,1,0,0
150903,54,Mahaboobnagar,9.0,70792.0,2338.0,206.5,114.5,0.0,92.0,202.5,4.0,0.0,138.0,53.5,69.5,21.0,101.0,1.4,High Creatinine,108,108,Normal,11.8,Borderline Low,98.0,Normal,0.87,Normal,233,C,350,Within Normal Limits,25,1,0,0
150917,56,Mahaboobnagar,13.0,80064.0,2737.0,207.5,106.5,0.0,101.0,157.5,50.0,6.0,80.0,114.5,69.5,53.0,78.0,0.0,,0,0,,0.0,,0.0,,0.0,,0,,375,,23,0,0,0
150926,55,Mahaboobnagar,6.0,142577.0,4451.0,254.0,2.0,229.0,23.0,62.0,192.0,177.0,48.0,9.0,186.0,39.0,9.0,1.4,High Creatinine,141,141,Stage-1 Hypertension,11.2,Borderline Low,124.0,Normal,0.69,Normal,193,C,350,Within Normal Limits,25,0,0,0
150943,55,Mahaboobnagar,6.0,69254.0,3241.0,191.0,182.0,0.0,9.0,93.0,98.0,1.0,17.0,172.0,65.0,31.0,94.0,1.3,High Creatinine,140,140,Elevated,16.0,Normal,131.0,Normal,0.43,Normal,221,C,250,Minor St Abnormalities,19,1,1,0
150946,54,Ranigunj-I,46.0,34807.0,1693.0,191.0,0.0,0.0,0.0,188.0,3.0,0.0,131.0,57.5,41.5,14.5,132.5,1.0,Normal,120,120,Normal,17.4,Normal,105.0,Normal,0.81,Normal,200,A,0,Within Normal Limits,0,0,0,0
150973,56,Mahaboobnagar,5.0,68869.0,3115.0,197.0,189.0,1.0,7.0,101.0,96.0,1.0,19.0,177.0,87.0,28.0,82.0,1.2,High Creatinine,116,116,Normal,10.0,Borderline Low,124.0,Normal,1.01,Normal,237,C,200,Within Normal Limits,21,0,0,0
151003,55,Mahaboobnagar,4.0,27107.0,1229.0,76.0,74.0,1.0,1.0,38.0,38.0,0.0,3.0,73.0,34.0,5.0,37.0,1.1,Normal,145,145,Stage-1 Hypertension,11.5,Borderline Low,136.0,Normal,0.42,Normal,220,C,0,Within Normal Limits,0,0,0,0
151005,55,Mahaboobnagar,11.0,80968.0,2632.0,242.0,124.0,2.0,116.0,237.0,5.0,2.0,150.0,73.0,77.0,44.0,104.0,1.1,Normal,113,113,Normal,11.2,Borderline Low,123.0,Normal,1.09,Normal,234,C,0,Within Normal Limits,0,0,0,0
151007,58,Mahaboobnagar,3.0,70211.0,3373.0,194.0,190.0,0.0,4.0,67.0,127.0,0.0,6.0,188.0,100.0,23.0,71.0,1.2,High Creatinine,178,178,Stage-2 Hypertension,15.4,Normal,147.0,Prediabetes,0.9,Normal,216,D,200,Within Normal Limits,20,1,0,0
151014,58,Mahaboobnagar,100.0,48127.0,2450.0,144.0,139.0,0.0,5.0,63.0,81.0,0.0,13.0,130.0,31.0,11.0,101.0,0.9,Normal,179,179,Stage-2 Hypertension,14.0,Normal,101.0,Normal,1.0,Normal,150,D,200,Within Normal Limits,24,0,0,0
151015,58,Mahaboobnagar,5.0,78659.0,2837.0,178.0,145.0,8.0,25.0,73.0,105.0,8.0,39.0,130.0,64.0,61.0,52.0,1.4,High Creatinine,125,125,Normal,13.8,Normal,118.0,Normal,0.39,Normal,219,C,200,Left Axis Deviation,27,0,1,0
151016,59,Ranigunj-I,17.0,33869.0,1741.0,145.5,0.0,0.0,0.0,145.5,0.0,0.0,2.0,143.5,135.5,4.0,6.0,1.0,Normal,105,105,Normal,15.0,Normal,124.0,Normal,0.6,Normal,238,C,480,Within Normal Limits,27,0,1,0
151020,59,Mahaboobnagar,10.0,70390.0,3371.0,198.0,119.0,1.0,78.0,86.0,112.0,0.0,61.0,127.0,108.0,52.0,28.0,0.8,Normal,135,135,Elevated,16.0,Normal,107.0,Normal,0.67,Normal,170,B,0,Within Normal Limits,0,0,0,0
151215,52,Mahaboobnagar,82.0,17425.0,573.0,37.0,0.0,35.0,0.0,20.0,17.0,12.0,18.0,1.0,15.0,14.0,2.0,0.0,,0,0,,0.0,,0.0,,0.0,,0,,220,,24,1,0,1
151272,50,Mahaboobnagar,6.0,120480.0,3741.0,203.0,5.0,171.0,27.0,40.0,163.0,133.0,47.0,15.0,151.0,28.0,16.0,1.1,Normal,143,143,Stage-1 Hypertension,15.9,Normal,124.0,Normal,1.12,Normal,234,C,400,Intraventricular Conduction Defect,22,1,0,1
151273,52,Mahaboobnagar,3.0,110408.0,3529.0,178.0,1.0,163.0,14.0,37.0,141.0,129.0,35.0,4.0,136.0,23.0,9.0,0.9,Normal,130,130,Normal,14.5,Normal,85.0,Normal,0.86,Normal,185,A,0,Within Normal Limits,0,0,0,0
151277,49,Mahaboobnagar,8.0,68606.0,2355.0,161.0,144.0,1.0,16.0,64.0,97.0,1.0,19.0,140.0,55.0,52.0,53.0,1.0,Normal,124,124,Normal,14.0,Normal,107.0,Normal,0.96,Normal,229,C,280,Within Normal Limits,31,0,0,0
151285,55,Mahaboobnagar,28.0,48061.0,1576.0,139.0,78.0,0.0,61.0,138.0,1.0,0.0,89.0,49.0,51.0,19.0,68.0,0.0,,0,0,,0.0,,0.0,,0.0,,0,,0,,0,0,0,0
151286,52,Mahaboobnagar,126.0,0.0,0.0,0.0,0.0,0.0,0.0,0.0,0.0,0.0,0.0,0.0,0.0,0.0,0.0,0.0,,0,0,,0.0,,0.0,,0.0,,0,,400,,21,1,1,1
151295,52,Mahaboobnagar,8.0,97634.0,3113.0,207.0,0.0,182.0,24.0,112.0,94.0,75.0,109.0,6.0,93.0,78.0,19.0,0.0,,0,0,,0.0,,0.0,,0.0,,0,,400,,20,0,0,1
151307,56,Mahaboobnagar,5.0,72933.0,3412.0,195.5,191.5,0.0,4.0,95.5,100.0,0.0,11.0,183.5,76.5,28.0,90.0,1.5,High Creatinine,132,132,Elevated,13.6,Normal,119.0,Normal,0.76,Normal,229,C,350,Within Normal Limits,23,1,0,0
151316,49,Mahaboobnagar,4.0,99433.0,3125.0,190.0,2.0,165.0,21.0,99.0,91.0,81.0,64.0,14.0,102.0,43.0,14.0,1.0,Normal,110,110,Normal,11.2,Borderline Low,89.0,Normal,0.52,Normal,154,C,500,Within Normal Limits,25,0,0,0
151332,53,Mahaboobnagar,1.0,83477.0,2650.0,198.0,68.0,0.0,130.0,151.0,47.0,5.0,107.0,82.0,56.0,37.0,101.0,1.2,High Creatinine,134,134,Elevated,17.3,Normal,142.0,Prediabetes,0.32,Normal,211,C,420,Within Normal Limits,26,1,0,1
151333,58,Mahaboobnagar,9.0,66061.0,3165.0,194.0,191.0,1.0,2.0,83.0,111.0,1.0,22.0,168.0,74.0,53.0,64.0,0.8,Normal,150,150,Stage-1 Hypertension,12.0,Borderline Low,125.0,Normal,1.1,Normal,215,C,195,Within Normal Limits,25,1,0,0
151334,53,Mahaboobnagar,13.0,89761.0,2891.0,143.0,2.0,134.0,7.0,31.0,112.0,95.0,27.0,9.0,103.0,18.0,10.0,1.0,Normal,140,140,Elevated,18.0,Normal,141.0,Prediabetes,0.68,Normal,213,C,500,Within Normal Limits,24,0,0,0
151495,50,Mahaboobnagar,0.0,0.0,0.0,0.0,0.0,0.0,0.0,0.0,0.0,0.0,0.0,0.0,0.0,0.0,0.0,0.0,,0,0,,0.0,,0.0,,0.0,,0,,0,,0,0,0,0
151520,48,Mahaboobnagar,13.0,116028.0,3694.0,194.0,4.0,166.0,24.0,30.0,164.0,133.0,35.0,14.0,146.0,30.0,6.0,1.1,Normal,137,137,Elevated,13.6,Normal,192.0,Prediabetes,3.2,High Bilirubin,210,D,300,Within Normal Limits,22,1,0,0
151527,51,Mahaboobnagar,8.0,37824.0,1355.0,68.0,1.0,57.0,10.0,9.0,59.0,36.0,27.0,5.0,44.0,17.0,7.0,1.0,Normal,152,152,Stage-1 Hypertension,15.1,Normal,140.0,Normal,0.9,Normal,179,C,0,LVH MONITOR BP,0,0,0,0
151534,47,Mahaboobnagar,3.0,0.0,0.0,0.0,0.0,0.0,0.0,0.0,0.0,0.0,0.0,0.0,0.0,0.0,0.0,0.0,,0,0,,0.0,,0.0,,0.0,,0,,0,,0,0,0,0
151663,47,Ranigunj-I,20.0,44817.0,3116.0,156.5,0.0,0.0,1.0,2.5,154.0,0.0,5.5,149.5,131.0,4.5,19.5,1.2,High Creatinine,134,134,Elevated,15.1,Normal,124.0,Normal,0.6,Normal,164,C,450,Within Normal Limits,16,0,0,0
151666,47,Mahaboobnagar,18.0,80445.0,2986.0,187.0,151.0,2.0,34.0,90.0,97.0,0.0,30.0,154.0,62.0,33.0,89.0,0.9,Normal,138,138,Stage-1 Hypertension,13.9,Normal,162.0,Prediabetes,1.0,Normal,316,D,200,Within Normal Limits,23,0,0,0
151675,50,Mahaboobnagar,3.0,65122.0,2908.0,170.0,108.0,0.0,62.0,72.0,98.0,0.0,54.0,110.0,95.0,38.0,31.0,1.2,High Creatinine,139,139,Elevated,16.4,Normal,96.0,Normal,0.55,Normal,235,C,350,Within Normal Limits,28,1,0,0
151690,48,Mahaboobnagar,3.0,69217.0,2555.0,195.0,142.0,1.0,52.0,155.0,40.0,0.0,94.0,95.0,65.0,40.0,84.0,1.2,High Creatinine,119,119,Normal,13.4,Normal,133.0,Normal,0.38,Normal,209,C,450,Abnormal,16,0,0,0
151724,45,Mahaboobnagar,20.0,94598.0,2984.0,196.0,6.0,182.0,8.0,106.0,90.0,53.0,111.0,7.0,73.0,76.0,22.0,1.1,Normal,120,120,Normal,15.0,Normal,108.0,Normal,1.11,Normal,201,C,450,Within Normal Limits,22,1,1,0
151738,47,Mahaboobnagar,11.0,77377.0,3060.0,175.0,159.0,0.0,16.0,48.0,127.0,2.0,20.0,152.0,67.0,77.0,30.0,1.0,Normal,102,102,Normal,16.2,Normal,137.0,Normal,0.81,Normal,227,C,350,Within Normal Limits,19,1,1,0
151742,50,Mahaboobnagar,17.0,94651.0,2949.0,164.0,0.0,154.0,10.0,36.0,128.0,98.0,51.0,9.0,108.0,42.0,8.0,1.2,High Creatinine,111,111,Normal,18.0,Normal,128.0,Normal,1.35,High Bilirubin,238,C,0,Within Normal Limits,0,0,0,0
151750,54,Mahaboobnagar,9.0,82692.0,3051.0,199.5,165.5,2.0,32.0,99.5,100.0,1.0,42.0,153.5,109.5,41.0,46.0,0.8,Normal,110,110,Normal,11.6,Borderline Low,104.0,Normal,0.93,Normal,196,C,400,Left Axis Deviation,63,0,0,0
151751,53,Mahaboobnagar,5.0,118491.0,3788.0,194.0,1.0,190.0,3.0,44.0,150.0,127.0,46.0,3.0,133.0,34.0,9.0,1.0,Normal,139,139,Elevated,18.0,Normal,128.0,Normal,0.49,Normal,208,C,350,Within Normal Limits,24,0,0,0
151769,44,Mahaboobnagar,3.0,87468.0,3185.0,205.5,125.5,3.0,77.0,102.5,103.0,1.0,59.0,137.5,63.0,89.5,45.0,1.4,High Creatinine,116,116,Normal,16.8,Normal,144.0,Prediabetes,0.44,Normal,221,C,160,Poor R Wave Progression,18,0,0,0
151770,53,Mahaboobnagar,1.0,61453.0,2330.0,246.5,137.5,0.0,12.0,190.0,56.5,0.0,17.0,227.5,43.5,27.0,174.0,0.9,Normal,128,128,Normal,15.0,Normal,108.0,Normal,0.81,Normal,238,C,0,Within Normal Limits,0,0,0,0
151886,54,Mahaboobnagar,6.0,115304.0,3569.0,199.0,2.0,194.0,3.0,46.0,153.0,124.0,66.0,4.0,134.0,50.0,10.0,1.3,High Creatinine,127,127,Normal,13.4,Normal,141.0,Prediabetes,1.03,Normal,223,C,0,Within Normal Limits,0,0,0,0
152071,51,Mahaboobnagar,5.0,76170.0,3832.0,214.5,210.5,0.0,4.0,72.0,142.5,0.0,22.0,192.5,70.0,24.0,120.5,0.84,Normal,132,132,Elevated,12.9,Borderline Low,82.5,Normal,0.88,Normal,128,C,350,Within Normal Limits,20,0,0,0
152077,51,Mahaboobnagar,11.0,114184.0,3615.0,184.0,0.0,176.0,8.0,39.0,145.0,127.0,38.0,7.0,135.0,32.0,5.0,0.9,Normal,121,121,Normal,14.1,Normal,104.0,Normal,0.86,Normal,181,A,0,Within Normal Limits,0,0,0,0
152083,50,Mahaboobnagar,6.0,77896.0,4476.0,219.0,217.0,0.0,2.0,9.0,210.0,0.0,6.0,213.0,43.0,149.0,27.0,1.01,Normal,134,134,Elevated,10.9,Borderline Low,92.3,Normal,0.9,Normal,177,C,150,Minor St Abnormalities,21,0,0,0
152307,48,Mahaboobnagar,5.0,104597.0,3267.0,297.0,96.0,0.0,201.0,287.0,10.0,40.0,123.0,127.0,121.0,76.0,93.0,0.6,Normal,114,114,Normal,10.2,Borderline Low,92.0,Normal,0.48,Normal,158,C,0,Intraventricular Conduction Defect? Lbbb Without Evi Of Mi,0,0,0,0
152312,48,Mahaboobnagar,49.0,54168.0,2103.0,131.0,124.0,1.0,6.0,59.0,72.0,0.0,6.0,124.0,42.0,18.0,70.0,1.1,Normal,169,169,Stage-2 Hypertension,10.7,Borderline Low,127.0,Normal,0.52,Normal,217,D,400,Within Normal Limits,20,0,0,0
152316,43,Mahaboobnagar,68.0,690.0,22.0,3.0,2.0,0.0,1.0,3.0,0.0,0.0,1.0,1.0,2.0,0.0,0.0,0.9,Normal,140,140,Elevated,16.0,Normal,127.0,Normal,1.22,High Bilirubin,239,C,0,Lvh Noted Adviced 2Decho,0,0,0,0
152323,45,Mahaboobnagar,0.0,0.0,0.0,0.0,0.0,0.0,0.0,0.0,0.0,0.0,0.0,0.0,0.0,0.0,0.0,0.0,,0,0,,0.0,,0.0,,0.0,,0,,0,,0,0,0,0
152439,45,Mahaboobnagar,11.0,0.0,0.0,0.0,0.0,0.0,0.0,0.0,0.0,0.0,0.0,0.0,0.0,0.0,0.0,0.0,,0,0,,0.0,,0.0,,0.0,,0,,0,,0,0,0,0
152453,45,Mahaboobnagar,9.0,119738.0,3743.0,188.0,1.0,178.0,9.0,36.0,152.0,129.0,40.0,3.0,132.0,33.0,7.0,1.0,Normal,173,173,Stage-2 Hypertension,12.0,Borderline Low,121.0,Normal,1.05,Normal,190,D,300,Within Normal Limits,23,1,0,1
152461,54,Mahaboobnagar,21.0,109731.0,3440.0,192.0,3.0,174.0,15.0,48.0,144.0,127.0,40.0,13.0,137.0,31.0,12.0,0.82,Normal,118,118,Normal,14.1,Normal,107.0,Normal,0.67,Normal,193,A,550,Within Normal Limits,25,0,0,1
152462,48,Mahaboobnagar,0.0,0.0,0.0,0.0,0.0,0.0,0.0,0.0,0.0,0.0,0.0,0.0,0.0,0.0,0.0,0.0,,0,0,,0.0,,0.0,,0.0,,0,,0,,0,0,0,0
152463,46,Mahaboobnagar,5.0,82432.0,3570.0,188.0,186.0,1.0,1.0,34.0,154.0,0.0,8.0,177.0,61.0,38.0,86.0,0.8,Normal,156,156,Stage-1 Hypertension,13.9,Normal,289.0,Diabetes,0.95,Normal,148,D,650,Within Normal Limits,23,0,0,0
152468,40,Mahaboobnagar,43.0,22788.0,733.0,46.0,0.0,38.0,8.0,22.0,24.0,26.0,16.0,3.0,32.0,9.0,4.0,1.0,Normal,123,123,Normal,16.0,Normal,121.0,Normal,0.93,Normal,231,C,0,Within Normal Limits,0,0,0,0
152470,49,Mahaboobnagar,229.0,4510.0,160.0,13.0,10.0,0.0,2.0,10.0,3.0,0.0,2.0,11.0,3.0,3.0,7.0,0.5,Normal,119,119,Normal,17.0,Normal,102.0,Normal,1.3,High Bilirubin,223,C,210,Within Normal Limits,23,1,0,0
152479,46,Mahaboobnagar,8.0,115748.0,3678.0,187.0,1.0,174.0,12.0,36.0,151.0,137.0,31.0,9.0,147.0,25.0,5.0,1.0,Normal,177,177,Stage-2 Hypertension,11.0,Borderline Low,146.0,Prediabetes,1.1,Normal,221,D,475,Within Normal Limits,20,1,0,0
152484,48,Mahaboobnagar,116.0,42406.0,1936.0,106.0,101.0,1.0,4.0,32.0,74.0,0.0,13.0,90.0,26.0,14.0,63.0,0.9,Normal,140,140,Elevated,16.2,Normal,143.0,Prediabetes,1.0,Normal,169,C,0,Within Normal Limits,0,0,0,0
152491,43,Mahaboobnagar,3.0,115316.0,3603.0,196.0,7.0,174.0,15.0,40.0,156.0,118.0,56.0,11.0,130.0,47.0,8.0,1.2,High Creatinine,158,158,Stage-1 Hypertension,13.4,Normal,109.0,Normal,0.8,Normal,199,C,210,Within Normal Limits,17,1,1,0
152498,48,Mahaboobnagar,10.0,104696.0,3220.0,177.0,2.0,152.0,23.0,40.0,137.0,104.0,52.0,10.0,117.0,33.0,16.0,0.9,Normal,122,122,Normal,12.2,Borderline Low,142.0,Prediabetes,0.38,Normal,218,C,650,Within Normal Limits,24,1,0,1
152504,47,Mahaboobnagar,11.0,114576.0,3609.0,188.0,0.0,182.0,6.0,38.0,150.0,137.0,43.0,1.0,144.0,29.0,8.0,1.1,Normal,162,162,Stage-2 Hypertension,13.6,Normal,127.0,Normal,0.88,Normal,230,D,350,Within Normal Limits,21,1,1,0
152505,45,Mahaboobnagar,8.0,98271.0,3048.0,189.0,3.0,168.0,15.0,85.0,104.0,60.0,100.0,6.0,87.0,67.0,12.0,1.2,High Creatinine,140,140,Elevated,16.0,Normal,116.0,Normal,0.52,Normal,246,C,350,Within Normal Limits,26,1,0,0
152510,44,Mahaboobnagar,7.0,79583.0,3513.0,201.0,196.0,0.0,5.0,72.0,129.0,0.0,15.0,182.0,72.0,22.0,103.0,0.9,Normal,129,129,Normal,13.1,Normal,140.0,Normal,0.52,Normal,159,A,520,Within Normal Limits,25,1,1,0
152522,50,Mahaboobnagar,4.0,62791.0,1775.0,121.0,3.0,76.0,41.0,73.0,48.0,39.0,59.0,21.0,66.0,46.0,7.0,1.2,High Creatinine,117,117,Normal,13.6,Normal,138.0,Normal,0.9,Normal,167,C,0,Within Normal Limits,0,0,0,0
152524,45,Mahaboobnagar,8.0,104846.0,3195.0,185.0,6.0,106.0,73.0,78.0,107.0,51.0,96.0,25.0,74.0,61.0,37.0,1.0,Normal,161,161,Stage-2 Hypertension,11.9,Borderline Low,115.0,Normal,0.41,Normal,231,D,650,Within Normal Limits,23,0,0,0
152536,49,Mahaboobnagar,13.0,74136.0,2874.0,172.0,157.0,0.0,15.0,33.0,139.0,0.0,23.0,149.0,70.0,57.0,45.0,1.0,Normal,130,130,Normal,19.0,Critical High,104.0,Normal,0.99,Normal,223,E,300,Within Normal Limits,21,1,0,0
152544,49,Mahaboobnagar,11.0,116682.0,3717.0,198.0,2.0,184.0,12.0,42.0,156.0,137.0,41.0,11.0,148.0,35.0,6.0,1.2,High Creatinine,110,110,Normal,14.0,Normal,133.0,Normal,0.94,Normal,221,C,192,Within Normal Limits,17,1,0,0
152546,48,Mahaboobnagar,15.0,13530.0,563.0,36.0,32.0,0.0,4.0,18.0,18.0,0.0,4.0,32.0,22.0,5.0,9.0,1.1,Normal,129,129,Normal,15.1,Normal,145.0,Prediabetes,0.67,Normal,221,C,190,Within Normal Limits,23,0,0,0
152550,48,Mahaboobnagar,4.0,81421.0,2971.0,194.0,183.0,1.0,10.0,101.0,93.0,1.0,31.0,159.0,89.0,38.0,64.0,0.9,Normal,137,137,Elevated,12.8,Borderline Low,107.0,Normal,0.9,Normal,169,C,0,Within Normal Limits,0,0,0,0
152555,46,Mahaboobnagar,7.0,118180.0,3692.0,199.0,3.0,175.0,20.0,45.0,154.0,132.0,42.0,15.0,150.0,29.0,10.0,1.0,Normal,167,167,Stage-2 Hypertension,17.0,Normal,98.0,Normal,0.98,Normal,205,D,650,Within Normal Limits,28,1,0,0
152561,47,Mahaboobnagar,43.0,108070.0,3376.0,170.0,4.0,157.0,8.0,29.0,141.0,126.0,25.0,8.0,135.0,17.0,7.0,1.1,Normal,140,140,Elevated,18.0,Normal,102.0,Normal,1.02,Normal,226,C,260,Within Normal Limits,16,1,1,0
152568,53,Mahaboobnagar,14.0,65817.0,2919.0,174.0,153.0,2.0,19.0,67.0,107.0,0.0,42.0,125.0,60.0,54.0,53.0,1.0,Normal,140,140,Elevated,19.0,Critical High,143.0,Prediabetes,0.49,Normal,239,E,0,Within Normal Limits,0,0,0,0
152574,43,Mahaboobnagar,3.0,1661.0,56.0,8.0,7.0,0.0,1.0,7.0,1.0,0.0,2.0,6.0,4.0,1.0,3.0,0.7,Normal,130,130,Normal,14.2,Normal,107.0,Normal,1.09,Normal,190,A,0,Within Normal Limits,0,0,0,0
152580,54,Mahaboobnagar,9.0,78759.0,3915.0,201.5,186.5,3.0,12.0,28.5,173.0,2.0,20.0,175.5,75.5,73.0,49.0,0.9,Normal,132,132,Elevated,10.9,Borderline Low,140.0,Normal,0.44,Normal,237,C,0,LVH Strain  pattern,0,0,0,0
152595,50,Mahaboobnagar,24.0,78637.0,2456.0,173.5,121.5,0.0,52.0,80.5,93.0,0.0,56.0,113.5,47.5,66.0,56.0,0.8,Normal,121,121,Normal,12.0,Borderline Low,122.0,Normal,1.26,High Bilirubin,227,C,0,Lahb,0,0,0,0
152606,47,Mahaboobnagar,7.0,94963.0,3037.0,166.0,4.0,119.0,37.0,50.0,116.0,77.0,67.0,14.0,85.0,30.0,43.0,1.1,Normal,150,150,Stage-1 Hypertension,11.2,Borderline Low,96.0,Normal,0.75,Normal,203,C,425,Within Normal Limits,21,1,0,0
152611,50,Mahaboobnagar,38.0,70328.0,2802.0,176.0,121.0,0.0,55.0,74.0,102.0,0.0,47.0,120.0,81.0,49.0,37.0,1.3,High Creatinine,102,102,Normal,17.1,Normal,113.0,Normal,0.81,Normal,237,C,440,Intraventricular conduction defect without evidence of MI,21,0,0,1
152618,50,Mahaboobnagar,26.0,89715.0,3050.0,190.0,6.0,146.0,37.0,84.0,106.0,42.0,97.0,28.0,75.0,67.0,25.0,1.2,High Creatinine,141,141,Stage-1 Hypertension,16.2,Normal,122.0,Normal,0.93,Normal,210,C,175,Within Normal Limits,22,1,1,0
152622,45,Mahaboobnagar,56.0,74956.0,2419.0,140.0,0.0,123.0,17.0,52.0,88.0,65.0,48.0,10.0,78.0,32.0,13.0,1.0,Normal,125,125,Normal,15.1,Normal,112.0,Normal,0.61,Normal,167,A,300,Within Normal Limits,23,1,0,1
152635,42,Mahaboobnagar,4.0,102390.0,3168.0,208.0,4.0,191.0,12.0,102.0,106.0,82.0,95.0,12.0,109.0,73.0,7.0,0.7,Normal,138,138,Elevated,12.8,Borderline Low,108.0,Normal,1.19,Normal,228,C,0,Within Normal Limits,0,0,0,0
152654,46,Mahaboobnagar,25.0,93422.0,2982.0,157.0,1.0,148.0,7.0,43.0,114.0,111.0,33.0,5.0,117.0,27.0,5.0,0.9,Normal,132,132,Elevated,19.0,Critical High,146.0,Prediabetes,1.37,High Bilirubin,213,E,650,Within Normal Limits,28,0,0,0
152656,48,Mahaboobnagar,0.0,0.0,0.0,0.0,0.0,0.0,0.0,0.0,0.0,0.0,0.0,0.0,0.0,0.0,0.0,0.0,,0,0,,0.0,,0.0,,0.0,,0,,0,,0,0,0,0
152806,48,Mahaboobnagar,2.0,126621.0,3877.0,220.0,1.0,200.0,19.0,53.0,167.0,145.0,52.0,10.0,157.0,38.0,12.0,1.1,Normal,141,141,Stage-1 Hypertension,13.8,Normal,100.0,Normal,1.0,Normal,169,C,0,Within Normal Limits,0,0,0,0
152829,51,Mahaboobnagar,8.0,69720.0,2995.0,172.0,152.0,2.0,18.0,65.0,107.0,1.0,18.0,148.0,56.0,24.0,87.0,0.9,Normal,136,136,Elevated,16.5,Normal,143.0,Prediabetes,1.12,Normal,192,C,350,Abnormal,21,0,0,0
152833,46,Mahaboobnagar,8.0,119101.0,3760.0,194.0,3.0,177.0,11.0,30.0,164.0,146.0,28.0,6.0,154.0,20.0,6.0,1.0,Normal,140,140,Elevated,15.2,Normal,129.0,Normal,1.0,Normal,195,B,190,Within Normal Limits,23,1,0,0
152890,43,Mahaboobnagar,15.0,50378.0,1765.0,112.0,40.0,55.0,16.0,53.0,59.0,22.0,38.0,38.0,43.0,32.0,23.0,0.9,Normal,139,139,Elevated,14.8,Normal,118.0,Normal,0.35,Normal,225,C,0,Within Normal Limits,0,0,0,0
152892,41,Mahaboobnagar,19.0,87111.0,2765.0,185.0,13.0,156.0,16.0,108.0,77.0,60.0,96.0,18.0,86.0,70.0,18.0,1.1,Normal,130,130,Normal,15.4,Normal,104.0,Normal,0.96,Normal,211,C,0,Within Normal Limits,0,0,0,0
152915,41,Mahaboobnagar,147.0,25790.0,845.0,52.0,1.0,38.0,13.0,26.0,26.0,27.0,21.0,2.0,30.0,15.0,5.0,1.2,High Creatinine,128,128,Normal,13.4,Normal,99.0,Normal,0.68,Normal,215,C,0,Within Normal Limits,0,0,0,0
152936,37,Mahaboobnagar,3.0,98349.0,3115.0,163.0,4.0,129.0,30.0,42.0,121.0,97.0,49.0,13.0,106.0,30.0,23.0,0.9,Normal,130,130,Normal,16.0,Normal,136.0,Normal,0.55,Normal,199,A,0,Within Normal Limits,0,0,0,0
152947,40,Mahaboobnagar,14.0,90616.0,2957.0,174.0,4.0,146.0,22.0,71.0,103.0,81.0,63.0,11.0,96.0,43.0,16.0,0.95,Normal,140,140,Elevated,12.4,Borderline Low,102.0,Normal,1.0,Normal,128,C,0,Within Normal Limits,0,0,0,0
153380,48,Mahaboobnagar,8.0,0.0,0.0,0.0,0.0,0.0,0.0,0.0,0.0,0.0,0.0,0.0,0.0,0.0,0.0,0.0,,0,0,,0.0,,0.0,,0.0,,0,,0,,0,0,0,0
153409,41,Mahaboobnagar,16.0,72914.0,2037.0,170.0,9.0,60.0,101.0,152.0,18.0,35.0,69.0,65.0,100.0,45.0,24.0,1.3,High Creatinine,120,120,Normal,14.8,Normal,133.0,Normal,1.15,Normal,228,C,0,Within Normal Limits,0,0,0,0
153489,45,Ranigunj-I,20.0,42345.0,2864.0,144.5,0.0,0.0,0.0,1.5,143.0,0.0,2.0,120.5,57.0,11.0,54.5,0.89,Normal,137,137,Elevated,9.3,Abnormal (Low),110.0,Normal,0.88,Normal,170,D,300,Within Normal Limits,26,0,0,0
175413,55,Ranigunj-I,22.0,52482.0,2215.0,153.0,0.0,0.0,0.0,115.5,37.5,0.0,8.0,146.0,95.0,11.5,47.5,0.9,Normal,148,148,Stage-1 Hypertension,12.7,Borderline Low,80.0,Normal,0.9,Normal,177,C,490,Within Normal Limits,31,1,0,0
177194,49,Mahaboobnagar,11.0,66577.0,2159.0,109.0,11.0,2.0,96.0,8.0,101.0,2.0,87.0,16.0,11.0,20.0,74.0,1.1,Normal,150,150,Stage-1 Hypertension,10.7,Borderline Low,119.0,Normal,1.02,Normal,212,C,0,Poor R wave progression,0,0,0,0
177359,44,Mahaboobabad,3.0,4276.0,149.0,9.0,7.0,0.0,2.0,7.0,2.0,0.0,0.0,9.0,6.0,1.0,2.0,1.2,High Creatinine,144,144,Stage-1 Hypertension,14.7,Normal,123.0,Normal,0.46,Normal,158,C,295,Intraventricular conduction defect? Lbbb without evi of MI,24,0,0,0
203060,58,Ranigunj-I,83.0,47761.0,2069.0,126.5,0.0,0.0,0.0,122.0,4.5,0.0,4.0,50.5,10.0,5.5,39.0,0.0,,0,0,,0.0,,0.0,,0.0,,0,,500,,28,0,0,0
203587,59,Mahaboobnagar,17.0,0.0,0.0,0.0,0.0,0.0,0.0,0.0,0.0,0.0,0.0,0.0,0.0,0.0,0.0,1.0,Normal,131,131,Elevated,13.0,Normal,112.0,Normal,0.98,Normal,121,B,0,Within Normal Limits,0,0,0,0
204269,56,Ranigunj-I,16.0,41681.0,2054.0,147.5,0.0,0.0,0.0,147.5,0.0,0.0,2.0,144.5,79.5,4.5,62.5,0.9,Normal,150,150,Stage-1 Hypertension,15.2,Normal,118.0,Normal,0.9,Normal,163,C,0,Within Normal Limits,0,0,0,0
204803,57,Ranigunj-I,21.0,37219.0,1957.0,140.0,0.0,0.0,1.0,131.0,9.0,0.0,4.0,137.0,127.0,4.0,10.0,1.0,Normal,130,130,Normal,13.0,Normal,105.0,Normal,1.0,Normal,150,A,400,Within Normal Limits,28,1,0,0
204821,57,Ranigunj-I,18.0,44023.0,2318.0,145.5,0.0,0.0,0.0,143.5,2.0,0.0,4.0,140.0,132.5,5.0,6.5,1.2,High Creatinine,140,140,Elevated,12.9,Borderline Low,140.0,Normal,0.6,Normal,197,C,370,Within Normal Limits,25,0,0,0
204974,56,Ranigunj-I,45.0,31191.0,1617.0,125.5,0.0,0.0,0.0,125.5,0.0,0.0,21.5,102.5,89.0,13.5,21.5,1.4,High Creatinine,125,125,Normal,17.0,Normal,131.0,Normal,0.94,Normal,210,C,310,Within Normal Limits,26,1,0,0
205188,58,Ranigunj-I,12.0,45658.0,2076.0,151.5,0.0,0.0,0.0,151.5,0.0,0.0,21.5,127.5,22.5,82.0,44.5,0.8,Normal,148,148,Stage-1 Hypertension,12.6,Borderline Low,107.0,Normal,0.82,Normal,216,C,310,Within Normal Limits,26,0,0,0
205329,57,Ranigunj-I,17.0,44647.0,1579.0,181.0,0.0,0.0,0.0,180.0,1.0,0.0,10.0,166.0,135.5,17.0,23.5,0.4,Normal,140,140,Elevated,13.7,Normal,104.0,Normal,0.5,Normal,177,B,450,Within Normal Limits,27,1,0,0
205331,58,Ranigunj-I,157.0,20413.0,1006.0,74.0,0.0,0.0,0.0,74.0,0.0,0.0,42.0,31.0,19.0,8.5,45.5,0.9,Normal,148,148,Stage-1 Hypertension,13.3,Normal,92.3,Normal,0.89,Normal,144,C,0,Within Normal Limits,0,0,0,0
205606,59,Ranigunj-I,28.0,45171.0,1821.0,142.0,0.0,0.0,1.0,138.0,4.0,0.0,8.5,134.0,45.5,78.5,18.5,0.9,Normal,142,142,Stage-1 Hypertension,16.7,Normal,127.0,Normal,0.41,Normal,216,C,540,Within Normal Limits,25,1,0,0
205743,56,Ranigunj-I,50.0,22511.0,1042.0,88.5,0.0,0.0,0.0,88.5,0.0,0.0,0.0,88.5,10.5,1.5,76.5,1.3,High Creatinine,145,145,Stage-1 Hypertension,15.5,Normal,135.0,Normal,1.2,Normal,187,C,350,Within Normal Limits,23,1,1,0
205814,55,Ranigunj-I,115.0,8264.0,342.0,28.5,0.0,0.0,0.0,28.5,0.0,0.0,0.0,28.5,3.5,2.0,23.0,1.0,Normal,140,140,Elevated,14.9,Normal,109.0,Normal,0.9,Normal,158,B,400,Within Normal Limits,29,0,0,0
205854,56,Ranigunj-I,24.0,43104.0,1745.0,147.0,0.0,0.0,0.0,146.0,1.0,0.0,4.5,142.0,18.5,120.0,8.0,1.1,Normal,177,177,Stage-2 Hypertension,17.2,Normal,143.0,Prediabetes,0.55,Normal,204,D,570,Within Normal Limits,26,1,0,0
206384,54,Ranigunj-I,30.0,38002.0,1714.0,134.0,0.0,0.0,0.0,126.0,8.0,0.0,8.5,123.5,78.5,31.5,22.0,0.9,Normal,140,140,Elevated,14.5,Normal,125.0,Normal,0.76,Normal,195,B,350,Within Normal Limits,24,1,1,0
206399,59,Ranigunj-I,27.0,42201.0,2172.0,126.0,0.0,0.0,1.0,123.0,3.0,0.0,2.0,124.0,9.0,97.5,19.5,1.3,High Creatinine,160,160,Stage-1 Hypertension,13.4,Normal,136.0,Normal,0.68,Normal,199,C,0,Minor St T Abnormalities,0,0,0,0
206485,59,Ranigunj-I,43.0,28960.0,1802.0,128.0,0.0,0.0,0.0,128.0,0.0,0.0,3.5,236.0,231.5,3.0,5.0,0.9,Normal,142,142,Stage-1 Hypertension,12.0,Borderline Low,123.0,Normal,1.33,High Bilirubin,230,C,370,Within Normal Limits,26,0,0,0
206514,56,Ranigunj-I,59.0,29323.0,1765.0,125.0,0.0,0.0,0.0,125.0,0.0,0.0,7.5,118.0,16.0,99.0,10.5,0.78,Normal,131,131,Elevated,15.8,Normal,164.0,Prediabetes,0.5,Normal,138,C,310,Minor St-T Abnormalities,25,1,0,0
206868,57,Ranigunj-I,15.0,43882.0,1204.0,149.5,0.0,0.0,0.0,149.5,0.0,0.0,1.5,146.0,133.5,4.5,9.5,0.88,Normal,166,166,Stage-2 Hypertension,13.2,Normal,110.0,Normal,0.9,Normal,190,D,280, St-T Abnormalities? T Negative Or Biphasic,29,1,0,0
206905,59,Ranigunj-I,14.0,35289.0,2081.0,150.5,0.0,0.0,1.0,147.5,3.0,0.0,4.5,144.5,49.0,63.5,36.5,1.2,High Creatinine,153,153,Stage-1 Hypertension,14.2,Normal,109.0,Normal,0.6,Normal,192,C,350,Within Normal Limits,25,0,0,0
206940,58,Ranigunj-I,31.0,37517.0,1828.0,145.5,0.0,0.0,0.0,145.5,0.0,0.0,2.5,62.5,53.5,5.0,6.5,1.0,Normal,136,136,Elevated,11.9,Borderline Low,121.0,Normal,1.0,Normal,121,C,430,Within Normal Limits,32,0,0,0
206996,59,Ranigunj-I,36.0,30991.0,1834.0,130.5,0.0,0.0,0.0,129.5,1.0,0.0,6.5,124.5,114.0,8.0,9.0,1.1,Normal,130,130,Normal,14.8,Normal,98.0,Normal,0.9,Normal,167,A,0,Within Normal Limits,0,0,0,0
207274,58,Ranigunj-I,32.0,39619.0,2288.0,163.5,0.0,0.0,0.0,163.0,0.5,0.0,4.0,159.5,145.0,3.0,15.5,1.1,Normal,177,177,Stage-2 Hypertension,14.9,Normal,136.0,Normal,0.96,Normal,156,D,370,Within Normal Limits,22,1,1,0
207281,56,Ranigunj-I,8.0,41730.0,2065.0,149.5,0.0,0.0,0.0,149.5,0.0,0.0,4.0,144.5,131.5,6.5,10.5,0.95,Normal,169,169,Stage-2 Hypertension,13.4,Normal,125.0,Normal,0.8,Normal,104,D,0,Within Normal Limits,0,0,0,0
207287,54,Ranigunj-I,91.0,25402.0,1961.0,96.0,0.0,0.0,0.0,1.0,95.0,0.0,3.0,93.0,9.0,38.5,48.5,0.89,Normal,147,147,Stage-1 Hypertension,14.9,Normal,161.0,Prediabetes,0.98,Normal,201,C,490,Within Normal Limits,23,1,1,0
207460,58,Ranigunj-I,54.0,39244.0,1830.0,151.0,0.0,0.0,0.0,150.5,0.5,0.0,14.5,134.5,80.0,46.0,23.0,0.9,Normal,130,130,Normal,15.5,Normal,86.0,Normal,0.97,Normal,187,A,0,Within Normal Limits,0,0,0,0
207701,56,Ranigunj-I,137.0,23192.0,1914.0,97.0,0.0,0.0,1.0,13.0,84.0,0.0,5.5,93.5,73.5,15.5,10.0,1.0,Normal,145,145,Stage-1 Hypertension,10.0,Borderline Low,140.0,Normal,1.02,Normal,235,C,230,T WAVE INVERSION AND B COMPLEX IN LEAD 3,18,1,0,0
207981,54,Ranigunj-I,18.0,33110.0,1937.0,140.0,0.0,0.0,0.0,140.0,0.0,0.0,3.5,136.5,15.0,118.0,7.0,1.0,Normal,140,140,Elevated,14.3,Normal,117.0,Normal,0.85,Normal,154,B,590,Within Normal Limits,22,1,0,0
208028,57,Ranigunj-I,22.0,31856.0,1574.0,122.0,0.0,0.0,0.0,121.0,1.0,0.0,7.5,114.5,28.0,82.5,11.5,0.9,Normal,130,130,Normal,16.3,Normal,80.7,Normal,0.67,Normal,145,A,350,Within Normal Limits,26,1,0,0
208051,56,Ranigunj-I,20.0,39894.0,1609.0,131.0,0.0,0.0,0.0,130.0,1.0,0.0,23.0,108.5,17.5,48.5,65.5,0.93,Normal,120,120,Normal,16.9,Normal,119.0,Normal,0.98,Normal,193,A,350,Within Normal Limits,23,1,0,0
208078,59,Ranigunj-I,96.0,32185.0,1220.0,99.5,0.0,0.0,0.0,98.5,1.0,0.0,14.5,82.5,60.5,17.0,19.5,0.0,,0,0,,0.0,,0.0,,0.0,,0,,0,,0,0,0,0
208131,55,Ranigunj-I,96.0,28836.0,1375.0,116.0,0.0,0.0,0.0,116.0,0.0,0.0,15.5,94.0,61.0,12.5,36.0,0.9,Normal,150,150,Stage-1 Hypertension,14.1,Normal,108.0,Normal,0.96,Normal,225,C,0,Within Normal Limits,0,0,0,0
208139,57,Ranigunj-I,21.0,38162.0,2060.0,148.5,0.0,0.0,0.0,145.5,3.0,0.0,7.0,141.5,16.5,34.5,97.5,0.8,Normal,130,130,Normal,15.5,Normal,86.0,Normal,0.65,Normal,178,C,250,Poor R wave progression,21,0,0,0
208152,59,Ranigunj-I,238.0,7485.0,248.0,26.0,0.0,0.0,0.0,26.0,0.0,0.0,8.5,15.5,15.0,3.0,6.0,1.1,Normal,149,149,Stage-1 Hypertension,13.2,Normal,146.0,Prediabetes,0.9,Normal,215,C,370,Within Normal Limits,26,1,1,0
208172,57,Ranigunj-I,28.0,33394.0,1991.0,144.0,0.0,0.0,0.0,143.0,1.0,0.0,1.5,143.5,135.0,6.5,3.5,1.0,Normal,170,170,Stage-2 Hypertension,14.3,Normal,126.0,Normal,0.86,Normal,158,D,510,Within Normal Limits,23,1,0,1
208410,57,Ranigunj-I,37.0,38106.0,2665.0,138.5,0.0,0.0,0.0,0.5,138.0,0.0,51.0,81.5,34.0,39.0,59.5,0.8,Normal,133,133,Elevated,14.5,Normal,134.0,Normal,0.98,Normal,176,B,0,Within Normal Limits,0,0,0,0
208447,58,Ranigunj-I,20.0,40280.0,1971.0,141.5,0.0,0.0,0.0,141.0,0.5,0.0,33.5,107.5,122.0,11.0,8.0,1.2,High Creatinine,118,118,Normal,14.6,Normal,146.0,Prediabetes,0.8,Normal,215,C,0,Within Normal Limits,0,0,0,0
208521,53,Ranigunj-I,29.0,41850.0,1702.0,142.0,0.0,0.0,0.0,142.0,0.0,0.0,4.0,132.0,45.0,76.5,14.5,0.9,Normal,148,148,Stage-1 Hypertension,12.5,Borderline Low,140.0,Normal,0.93,Normal,153,C,400,Within Normal Limits,23,0,0,0
208559,54,Ranigunj-I,19.0,42577.0,2900.0,144.5,0.0,0.0,0.0,1.5,143.0,0.0,2.0,141.5,11.5,75.0,57.0,1.5,High Creatinine,120,120,Normal,13.8,Normal,104.0,Normal,1.09,Normal,235,C,280,Within Normal Limits,25,1,0,0
209007,53,Ranigunj-I,42.0,1607.0,83.0,5.0,0.0,0.0,0.0,1.0,4.0,0.0,1.0,4.0,3.5,1.5,0.0,0.5,Normal,115,115,Normal,14.2,Normal,98.0,Normal,0.9,Normal,130,A,630,Within Normal Limits,31,0,0,0
209254,57,Ranigunj-I,26.0,43100.0,1747.0,144.5,0.0,0.0,0.0,144.5,0.0,0.0,4.5,61.0,52.5,3.5,9.5,0.8,Normal,148,148,Stage-1 Hypertension,15.1,Normal,98.0,Normal,0.89,Normal,144,C,270,Within Normal Limits,27,0,0,0
209308,53,Ranigunj-I,79.0,19542.0,919.0,67.0,0.0,0.0,0.0,62.0,5.0,0.0,4.5,60.0,31.0,14.5,19.0,1.0,Normal,120,120,Normal,14.3,Normal,125.0,Normal,0.84,Normal,154,A,250,Within Normal Limits,23,1,0,0
209393,57,Ranigunj-I,13.0,39788.0,1263.0,153.5,0.0,0.0,0.0,153.5,0.0,0.0,20.0,132.0,125.0,10.5,16.5,0.8,Normal,140,140,Elevated,13.0,Normal,148.0,Prediabetes,0.72,Normal,225,C,430,Within Normal Limits,21,1,0,0
209401,59,Mahaboobnagar,2.0,78668.0,2481.0,199.0,122.0,7.0,70.0,181.0,18.0,10.0,135.0,52.0,38.0,49.0,110.0,0.9,Normal,132,132,Elevated,18.0,Normal,137.0,Normal,0.98,Normal,224,C,200,Within Normal Limits,19,1,0,0
209467,58,Ranigunj-I,22.0,43285.0,2964.0,150.0,0.0,0.0,0.0,6.0,144.0,0.0,4.5,143.5,23.0,76.0,49.0,0.9,Normal,140,140,Elevated,13.7,Normal,111.0,Normal,0.7,Normal,187,B,310,Within Normal Limits,28,1,0,0
209520,54,Ranigunj-I,20.0,35383.0,1159.0,147.0,0.0,0.0,0.0,146.5,0.5,0.0,2.0,79.5,25.0,34.0,22.5,0.8,Normal,147,147,Stage-1 Hypertension,15.5,Normal,134.0,Normal,0.84,Normal,187,C,470,Within Normal Limits,33,1,0,0
209533,57,Ranigunj-I,13.0,39099.0,1898.0,147.0,0.0,0.0,0.0,147.0,0.0,0.0,5.0,141.5,127.0,11.0,8.5,1.2,High Creatinine,96,96,Normal,13.0,Normal,124.0,Normal,0.64,Normal,215,C,270,Within Normal Limits,32,1,0,0
209554,54,Ranigunj-I,17.0,40450.0,1890.0,135.0,0.0,0.0,0.0,135.0,0.0,0.0,29.0,106.5,9.5,89.0,37.0,0.7,Normal,175,175,Stage-2 Hypertension,14.9,Normal,172.0,Prediabetes,0.87,Normal,99,D,250,Within Normal Limits,25,1,0,0
209557,52,Ranigunj-I,13.0,50336.0,1865.0,154.5,0.0,0.0,0.0,154.5,0.0,0.0,59.5,92.5,107.5,12.5,32.0,0.7,Normal,138,138,Elevated,12.6,Borderline Low,135.0,Normal,1.1,Normal,168,C,600,Within Normal Limits,27,0,0,0
209564,53,Ranigunj-I,22.0,40970.0,2341.0,171.0,0.0,0.0,0.0,171.0,0.0,0.0,8.0,165.0,138.5,15.0,19.5,0.83,Normal,149,149,Stage-1 Hypertension,14.5,Normal,162.0,Prediabetes,1.04,Normal,184,C,250,Within Normal Limits,28,1,0,0
209614,58,Ranigunj-I,12.0,35409.0,2041.0,279.0,0.0,0.0,0.0,279.0,0.0,0.0,1.5,276.0,260.5,8.5,8.5,0.75,Normal,151,151,Stage-1 Hypertension,10.9,Borderline Low,86.0,Normal,0.85,Normal,168,C,470,Minor St-T Abnormalities,32,1,0,0
209850,56,Ranigunj-I,13.0,42261.0,1725.0,143.5,0.0,0.0,0.0,142.5,1.0,0.0,18.0,126.5,62.5,56.5,25.5,1.0,Normal,110,110,Normal,14.2,Normal,129.0,Normal,0.5,Normal,187,A,560,Within Normal Limits,32,1,0,0
209892,57,Ranigunj-I,87.0,31954.0,1382.0,115.0,0.0,0.0,0.0,114.0,1.0,0.0,12.0,97.0,40.5,24.5,44.0,1.2,High Creatinine,139,139,Elevated,12.0,Borderline Low,120.0,Normal,1.1,Normal,184,C,330,Within Normal Limits,31,1,0,0
210814,52,Ranigunj-I,30.0,55264.0,1840.0,173.5,0.0,0.0,0.0,173.5,0.0,0.0,1.5,171.0,154.5,6.5,11.5,1.2,High Creatinine,140,140,Elevated,14.5,Normal,122.0,Normal,0.9,Normal,188,C,550,Within Normal Limits,33,1,0,0
211072,50,Ranigunj-I,20.0,36761.0,1988.0,143.0,0.0,0.0,0.0,141.0,2.0,0.0,23.0,118.0,19.0,5.0,117.0,0.75,Normal,140,140,Elevated,12.8,Borderline Low,130.0,Normal,0.62,Normal,154,C,450,Within Normal Limits,32,1,0,0
211080,54,Ranigunj-I,16.0,34597.0,2412.0,128.0,0.0,0.0,0.0,5.0,123.0,0.0,3.0,121.0,92.0,7.5,24.5,0.9,Normal,143,143,Stage-1 Hypertension,14.6,Normal,107.0,Normal,1.0,Normal,179,C,280,Within Normal Limits,26,0,0,0
211097,56,Ranigunj-I,37.0,33320.0,1113.0,246.0,0.0,0.0,0.0,246.0,0.0,0.0,10.5,231.5,190.0,32.0,20.0,0.9,Normal,151,151,Stage-1 Hypertension,11.4,Borderline Low,105.2,Normal,0.82,Normal,190,C,190,Minor St T Abnormalities,27,1,1,0
211158,51,Ranigunj-I,46.0,36497.0,1494.0,124.5,0.0,0.0,0.0,124.5,0.0,0.0,0.0,124.5,119.0,3.0,2.5,1.2,High Creatinine,140,140,Elevated,13.5,Normal,123.0,Normal,0.8,Normal,169,C,0,Within Normal Limits,0,0,0,0
211294,53,Ranigunj-I,141.0,11267.0,518.0,38.0,0.0,0.0,0.0,38.0,0.0,0.0,3.5,34.5,32.0,3.5,2.5,0.8,Normal,144,144,Stage-1 Hypertension,17.0,Normal,138.0,Normal,0.52,Normal,221,C,350,Within Normal Limits,28,1,0,0
211404,50,Ranigunj-I,49.0,28598.0,1559.0,111.0,0.0,0.0,0.0,106.0,5.0,0.0,1.5,109.5,28.0,6.0,77.0,1.3,High Creatinine,133,133,Elevated,15.0,Normal,113.0,Normal,1.11,Normal,225,C,330,Within Normal Limits,32,1,1,0
211490,57,Ranigunj-I,25.0,41562.0,1897.0,136.5,0.0,0.0,0.0,135.5,1.0,0.0,27.5,111.0,91.0,11.0,36.5,0.9,Normal,112,112,Normal,13.7,Normal,121.0,Normal,0.4,Normal,199,A,168,Within Normal Limits,20,0,0,0
211528,52,Ranigunj-I,113.0,30690.0,1203.0,109.5,0.0,0.0,0.0,89.5,20.0,0.0,7.0,103.5,96.5,3.0,11.0,1.4,High Creatinine,177,177,Stage-2 Hypertension,12.5,Borderline Low,131.0,Normal,0.71,Normal,237,D,310,Lvh Monitor Bp Advice 2Decho,27,1,1,0
211552,51,Ranigunj-I,41.0,48700.0,2071.0,131.0,0.0,0.0,0.0,120.0,11.0,0.0,10.5,115.0,67.5,22.0,36.0,0.9,Normal,120,120,Normal,15.5,Normal,123.0,Normal,0.75,Normal,176,A,500,Within Normal Limits,27,1,0,1
211624,52,Ranigunj-I,19.0,34709.0,2073.0,84.5,0.0,0.0,0.0,84.5,0.0,0.0,5.5,80.5,75.5,4.0,6.5,1.0,Normal,150,150,Stage-1 Hypertension,13.9,Normal,118.0,Normal,1.02,Normal,159,C,350,Within Normal Limits,26,0,0,0
211636,46,Ranigunj-I,43.0,42727.0,1519.0,110.0,0.0,0.0,0.0,106.0,4.0,0.0,14.5,94.0,74.0,21.5,13.0,0.0,,0,0,,0.0,,0.0,,0.0,,0,,370,,32,1,1,0
211638,47,Ranigunj-I,16.0,41438.0,2695.0,152.0,0.0,0.0,0.0,7.0,145.0,0.0,4.5,146.5,14.5,4.0,132.5,0.4,Normal,137,137,Elevated,13.8,Normal,116.0,Normal,0.6,Normal,158,C,560,Minor St-T Abnormalities,25,0,0,0
211644,49,Ranigunj-I,37.0,32376.0,1649.0,138.0,0.0,0.0,0.0,138.0,0.0,0.0,5.5,132.5,22.0,99.5,16.5,0.8,Normal,140,140,Elevated,14.7,Borderline Low,114.0,Prediabetes,0.9,Normal,179,C,450,T WAVE INVERSION IN LEAD 3 MONITOR BP,27,1,0,0
211644,49,Ranigunj-I,37.0,32376.0,1649.0,138.0,0.0,0.0,0.0,138.0,0.0,0.0,5.5,132.5,22.0,99.5,16.5,1.0,Normal,137,137,Elevated,12.7,Borderline Low,152.0,Prediabetes,0.65,Normal,152,C,450,Within Normal Limits,27,1,0,0
211783,50,Ranigunj-I,30.0,44293.0,2196.0,181.0,0.0,0.0,0.0,180.0,1.0,0.0,41.5,136.0,78.5,28.0,71.0,1.0,Normal,149,149,Stage-1 Hypertension,15.5,Normal,85.0,Normal,0.68,Normal,168,C,330,Within Normal Limits,30,1,1,0
211823,46,Ranigunj-I,35.0,6722.0,270.0,21.0,0.0,0.0,0.0,20.0,1.0,0.0,7.5,13.0,13.0,3.0,4.5,0.5,Normal,166,166,Stage-2 Hypertension,14.0,Normal,105.0,Normal,0.6,Normal,171,D,460,Minor St-T Abnormalities,34,1,0,0
211865,49,Ranigunj-I,15.0,41769.0,2748.0,152.0,0.0,0.0,0.0,1.0,151.0,0.0,3.0,147.0,10.0,5.0,135.0,0.9,Normal,207,207,Hypertension Critical,10.9,Borderline Low,110.0,Normal,1.2,Normal,167,E,520,Lvh Strain Advice 2Decho Followed By Further Evaluation,23,0,0,0
211882,49,Ranigunj-I,47.0,36538.0,2929.0,143.0,0.0,0.0,0.0,2.0,141.0,0.0,3.0,140.0,52.0,6.5,84.5,0.98,Normal,176,176,Stage-2 Hypertension,14.6,Normal,121.0,Normal,1.0,Normal,154,D,600,Within Normal Limits,24,0,0,0
211930,46,Ranigunj-I,17.0,40801.0,2858.0,150.5,0.0,0.0,0.0,4.5,146.0,0.0,5.0,144.5,98.0,9.5,42.0,0.8,Normal,115,115,Normal,10.6,Borderline Low,99.0,Normal,0.37,Normal,220,C,270,Within Normal Limits,26,1,0,0
211949,45,Ranigunj-I,11.0,41097.0,3048.0,152.0,0.0,0.0,0.0,1.0,151.0,0.0,34.0,116.0,104.5,5.5,40.0,1.2,High Creatinine,147,147,Stage-1 Hypertension,12.6,Borderline Low,101.0,Normal,1.0,Normal,155,C,280,Minor St T Abnormalities,4235,0,0,0
211951,48,Ranigunj-I,74.0,34192.0,2075.0,107.5,0.0,0.0,1.0,2.5,105.0,0.0,4.5,103.0,45.0,5.5,57.0,1.0,Normal,120,120,Normal,16.5,Normal,104.0,Normal,0.5,Normal,218,C,0,Within Normal Limits,0,0,0,0
211992,48,Ranigunj-I,9.0,30255.0,2114.0,105.5,0.0,0.0,0.0,1.0,104.5,0.0,1.5,104.0,96.0,3.0,6.5,1.0,Normal,128,128,Normal,13.2,Normal,98.0,Normal,0.4,Normal,182,C,500,Minor St T Abnormalities,25,1,0,0
212017,50,Ranigunj-I,6.0,40969.0,2899.0,152.0,0.0,0.0,0.0,1.0,151.0,0.0,99.0,48.0,12.5,5.0,129.5,1.0,Normal,128,128,Normal,12.8,Borderline Low,108.0,Normal,1.4,High Bilirubin,141,C,300,Within Normal Limits,24,0,0,0
212073,53,Ranigunj-I,25.0,38513.0,1987.0,141.5,0.0,0.0,0.0,140.5,1.0,0.0,37.0,104.0,24.0,16.0,101.0,1.2,High Creatinine,140,140,Elevated,15.1,Normal,133.0,Normal,1.1,Normal,182,C,300,Within Normal Limits,28,1,0,0
212102,49,Ranigunj-I,61.0,35412.0,1592.0,123.0,0.0,0.0,0.0,119.5,3.5,0.0,10.0,110.0,53.0,48.0,19.0,0.9,Normal,168,168,Stage-2 Hypertension,16.8,Normal,141.0,Prediabetes,0.74,Normal,203,D,420,Within Normal Limits,26,1,0,0
