employee_id,depot,month_end_date,monthly_kms,monthly_hours,monthly_absent
150010,Mahaboobnagar,2024-09-30,10040,332,0
150010,Mahaboobnagar,2024-08-31,10137,332,1
150010,Mahaboobnagar,2024-07-31,10020,319,1
150010,Mahaboobnagar,2024-06-30,8896,288,1
150010,Mahaboobnagar,2024-05-31,9062,296,1
150010,Mahaboobnagar,2024-04-30,10240,323,2
150010,Mahaboobnagar,2024-03-31,9226,294,1
150010,Mahaboobnagar,2024-02-29,9771,319,1
150010,Mahaboobnagar,2024-01-31,9152,290,4
150010,Mahaboobnagar,2023-12-31,9720,296,0
150010,Mahaboobnagar,2023-11-30,8760,279,1
150010,Mahaboobnagar,2023-10-31,10220,336,0
150010,Mahaboobnagar,2023-09-30,8772,295,0
150010,Mahaboobnagar,2023-08-31,7377,244,1
150010,Mahaboobnagar,2023-07-31,10714,374,0
150010,Mahaboobnagar,2023-06-30,8555,281,0
150010,Mahaboobnagar,2023-05-31,10463,331,1
150010,Mahaboobnagar,2023-04-30,8416,291,0
150011,Mahaboobnagar,2024-09-30,10121,320,1
150011,Mahaboobnagar,2024-08-31,10796,360,0
150011,Mahaboobnagar,2024-07-31,10792,337,2
150011,Mahaboobnagar,2024-06-30,9544,295,1
150011,Mahaboobnagar,2024-05-31,10670,331,0
150011,Mahaboobnagar,2024-04-30,12216,373,1
150011,Mahaboobnagar,2024-03-31,6420,195,0
150011,Mahaboobnagar,2024-02-29,4472,139,1
150011,Mahaboobnagar,2024-01-31,9220,283,5
150011,Mahaboobnagar,2023-12-31,9712,263,4
150011,Mahaboobnagar,2023-11-30,10616,340,0
150011,Mahaboobnagar,2023-10-31,5972,192,1
150011,Mahaboobnagar,2023-09-30,8941,300,0
150011,Mahaboobnagar,2023-08-31,8616,284,0
150011,Mahaboobnagar,2023-07-31,8750,286,0
150011,Mahaboobnagar,2023-06-30,10306,347,0
150011,Mahaboobnagar,2023-05-31,11026,348,0
150011,Mahaboobnagar,2023-04-30,9136,313,0
150066,Mahaboobnagar,2024-09-30,6400,202,2
150066,Mahaboobnagar,2024-08-31,7204,232,0
150066,Mahaboobnagar,2024-07-31,6332,208,1
150066,Mahaboobnagar,2024-06-30,6544,209,1
150066,Mahaboobnagar,2024-05-31,6715,207,1
150066,Mahaboobnagar,2024-04-30,5761,179,2
150066,Mahaboobnagar,2024-03-31,6735,218,1
150066,Mahaboobnagar,2024-02-29,6532,223,0
150066,Mahaboobnagar,2024-01-31,5824,189,4
150066,Mahaboobnagar,2023-12-31,6904,207,0
150066,Mahaboobnagar,2023-11-30,5668,175,0
150066,Mahaboobnagar,2023-10-31,6404,201,0
150066,Mahaboobnagar,2023-09-30,5360,171,0
150066,Mahaboobnagar,2023-08-31,5949,201,0
150066,Mahaboobnagar,2023-07-31,5828,195,0
150066,Mahaboobnagar,2023-06-30,6794,215,0
150066,Mahaboobnagar,2023-05-31,6178,206,0
150066,Mahaboobnagar,2023-04-30,6252,225,0
150071,Mahaboobnagar,2024-09-30,7468,299,1
150071,Mahaboobnagar,2024-08-31,7564,313,1
150071,Mahaboobnagar,2024-07-31,8018,311,1
150071,Mahaboobnagar,2024-06-30,4608,212,8
150071,Mahaboobnagar,2024-05-31,8040,321,2
150071,Mahaboobnagar,2024-04-30,6300,273,5
150071,Mahaboobnagar,2024-03-31,7061,331,0
150071,Mahaboobnagar,2024-02-29,7282,300,0
150071,Mahaboobnagar,2024-01-31,6546,301,2
150071,Mahaboobnagar,2023-12-31,6210,291,2
150071,Mahaboobnagar,2023-11-30,5583,254,0
150071,Mahaboobnagar,2023-10-31,5890,283,0
150071,Mahaboobnagar,2023-09-30,5160,232,0
150071,Mahaboobnagar,2023-08-31,6240,304,0
150071,Mahaboobnagar,2023-07-31,5860,264,0
150071,Mahaboobnagar,2023-06-30,6611,301,0
150071,Mahaboobnagar,2023-05-31,6680,320,0
150071,Mahaboobnagar,2023-04-30,5841,291,0
150074,Mahaboobnagar,2024-09-30,6164,179,0
150074,Mahaboobnagar,2024-08-31,6534,189,0
150074,Mahaboobnagar,2024-07-31,5796,166,2
150074,Mahaboobnagar,2024-06-30,6098,180,0
150074,Mahaboobnagar,2024-05-31,7500,220,1
150074,Mahaboobnagar,2024-04-30,6950,207,2
150074,Mahaboobnagar,2024-03-31,6418,191,2
150074,Mahaboobnagar,2024-02-29,6720,200,0
150074,Mahaboobnagar,2024-01-31,6874,200,0
150074,Mahaboobnagar,2023-12-31,5586,165,4
150074,Mahaboobnagar,2023-11-30,5638,171,1
150074,Mahaboobnagar,2023-10-31,6278,183,0
150074,Mahaboobnagar,2023-09-30,5824,168,0
150074,Mahaboobnagar,2023-08-31,6132,179,0
150074,Mahaboobnagar,2023-07-31,5476,163,0
150074,Mahaboobnagar,2023-06-30,7072,209,0
150074,Mahaboobnagar,2023-05-31,6422,200,0
150074,Mahaboobnagar,2023-04-30,6011,230,0
150106,Mahaboobnagar,2024-09-30,5475,300,3
150106,Mahaboobnagar,2024-08-31,6725,360,1
150106,Mahaboobnagar,2024-07-31,5625,300,3
150106,Mahaboobnagar,2024-06-30,5637,284,1
150106,Mahaboobnagar,2024-05-31,6695,350,1
150106,Mahaboobnagar,2024-04-30,5565,295,4
150106,Mahaboobnagar,2024-03-31,5985,322,3
150106,Mahaboobnagar,2024-02-29,6861,358,2
150106,Mahaboobnagar,2024-01-31,5590,292,3
150106,Mahaboobnagar,2023-12-31,5645,300,4
150106,Mahaboobnagar,2023-11-30,5715,295,0
150106,Mahaboobnagar,2023-10-31,5845,288,0
150106,Mahaboobnagar,2023-09-30,5125,241,0
150106,Mahaboobnagar,2023-08-31,5860,278,0
150106,Mahaboobnagar,2023-07-31,5801,276,0
150106,Mahaboobnagar,2023-06-30,6320,274,0
150106,Mahaboobnagar,2023-05-31,6045,269,0
150106,Mahaboobnagar,2023-04-30,5901,277,0
150110,Mahaboobnagar,2024-09-30,6274,257,6
150110,Mahaboobnagar,2024-08-31,7658,293,0
150110,Mahaboobnagar,2024-07-31,6592,297,2
150110,Mahaboobnagar,2024-06-30,6634,279,0
150110,Mahaboobnagar,2024-05-31,6506,289,0
150110,Mahaboobnagar,2024-04-30,5950,265,2
150110,Mahaboobnagar,2024-03-31,5970,277,0
150110,Mahaboobnagar,2024-02-29,5540,254,5
150110,Mahaboobnagar,2024-01-31,1760,85,23
150110,Mahaboobnagar,2023-12-31,6020,270,0
150110,Mahaboobnagar,2023-11-30,5400,262,0
150110,Mahaboobnagar,2023-10-31,5690,238,0
150110,Mahaboobnagar,2023-09-30,5616,257,0
150110,Mahaboobnagar,2023-08-31,6080,278,0
150110,Mahaboobnagar,2023-07-31,5850,274,0
150110,Mahaboobnagar,2023-06-30,5850,283,0
150110,Mahaboobnagar,2023-05-31,4760,206,1
150110,Mahaboobnagar,2023-04-30,2749,137,6
150112,Mahaboobnagar,2024-09-30,0,0,0
150112,Mahaboobnagar,2024-08-31,0,0,0
150112,Mahaboobnagar,2024-07-31,0,0,0
150112,Mahaboobnagar,2024-06-30,0,0,0
150112,Mahaboobnagar,2024-05-31,0,0,0
150112,Mahaboobnagar,2024-04-30,0,0,0
150112,Mahaboobnagar,2024-03-31,0,0,31
150112,Mahaboobnagar,2024-02-29,0,0,29
150112,Mahaboobnagar,2024-01-31,0,0,31
150112,Mahaboobnagar,2023-12-31,0,0,31
150112,Mahaboobnagar,2023-11-30,0,0,30
150112,Mahaboobnagar,2023-10-31,0,0,15
150112,Mahaboobnagar,2023-09-30,0,0,0
150112,Mahaboobnagar,2023-08-31,0,0,0
150112,Mahaboobnagar,2023-07-31,0,0,0
150112,Mahaboobnagar,2023-06-30,0,0,0
150112,Mahaboobnagar,2023-05-31,0,0,0
150112,Mahaboobnagar,2023-04-30,0,0,0
150120,Mahaboobnagar,2024-09-30,5750,285,0
150120,Mahaboobnagar,2024-08-31,6120,306,0
150120,Mahaboobnagar,2024-07-31,5690,302,0
150120,Mahaboobnagar,2024-06-30,5770,285,2
150120,Mahaboobnagar,2024-05-31,6120,306,0
150120,Mahaboobnagar,2024-04-30,5831,282,1
150120,Mahaboobnagar,2024-03-31,6740,316,0
150120,Mahaboobnagar,2024-02-29,5800,285,0
150120,Mahaboobnagar,2024-01-31,5790,293,0
150120,Mahaboobnagar,2023-12-31,5800,282,1
150120,Mahaboobnagar,2023-11-30,5310,265,0
150120,Mahaboobnagar,2023-10-31,3500,164,0
150120,Mahaboobnagar,2023-09-30,5700,280,0
150120,Mahaboobnagar,2023-08-31,5440,265,0
150120,Mahaboobnagar,2023-07-31,5760,280,0
150120,Mahaboobnagar,2023-06-30,5370,280,0
150120,Mahaboobnagar,2023-05-31,5690,287,0
150120,Mahaboobnagar,2023-04-30,6120,306,0
150125,Mahaboobnagar,2024-09-30,5570,187,0
150125,Mahaboobnagar,2024-08-31,5742,187,0
150125,Mahaboobnagar,2024-07-31,8014,243,0
150125,Mahaboobnagar,2024-06-30,6884,220,1
150125,Mahaboobnagar,2024-05-31,9252,299,1
150125,Mahaboobnagar,2024-04-30,5784,186,1
150125,Mahaboobnagar,2024-03-31,4630,144,1
150125,Mahaboobnagar,2024-02-29,6344,194,0
150125,Mahaboobnagar,2024-01-31,5154,161,1
150125,Mahaboobnagar,2023-12-31,4000,133,1
150125,Mahaboobnagar,2023-11-30,6301,208,0
150125,Mahaboobnagar,2023-10-31,7350,250,0
150125,Mahaboobnagar,2023-09-30,7140,232,1
150125,Mahaboobnagar,2023-08-31,8800,276,1
150125,Mahaboobnagar,2023-07-31,6230,230,1
150125,Mahaboobnagar,2023-06-30,7200,231,0
150125,Mahaboobnagar,2023-05-31,8600,262,0
150125,Mahaboobnagar,2023-04-30,7050,230,0
150237,Mahaboobnagar,2024-09-30,0,0,0
150237,Mahaboobnagar,2024-08-31,0,0,1
150237,Mahaboobnagar,2024-07-31,5367,167,0
150237,Mahaboobnagar,2024-06-30,6714,195,0
150237,Mahaboobnagar,2024-05-31,6900,200,0
150237,Mahaboobnagar,2024-04-30,6212,198,1
150237,Mahaboobnagar,2024-03-31,6538,214,2
150237,Mahaboobnagar,2024-02-29,6018,174,0
150237,Mahaboobnagar,2024-01-31,6334,183,0
150237,Mahaboobnagar,2023-12-31,7229,213,0
150237,Mahaboobnagar,2023-11-30,6108,192,2
150237,Mahaboobnagar,2023-10-31,5160,148,0
150237,Mahaboobnagar,2023-09-30,5008,147,0
150237,Mahaboobnagar,2023-08-31,6564,189,0
150237,Mahaboobnagar,2023-07-31,5822,171,0
150237,Mahaboobnagar,2023-06-30,5260,159,0
150237,Mahaboobnagar,2023-05-31,5892,186,0
150237,Mahaboobnagar,2023-04-30,7229,268,0
150261,Mahaboobnagar,2024-09-30,1842,86,16
150261,Mahaboobnagar,2024-08-31,6278,245,3
150261,Mahaboobnagar,2024-07-31,6790,275,2
150261,Mahaboobnagar,2024-06-30,6951,321,1
150261,Mahaboobnagar,2024-05-31,5606,270,2
150261,Mahaboobnagar,2024-04-30,5690,276,1
150261,Mahaboobnagar,2024-03-31,2810,158,18
150261,Mahaboobnagar,2024-02-29,2680,114,3
150261,Mahaboobnagar,2024-01-31,3522,171,3
150261,Mahaboobnagar,2023-12-31,300,10,2
150261,Mahaboobnagar,2023-11-30,0,0,0
150261,Mahaboobnagar,2023-10-31,0,0,0
150261,Mahaboobnagar,2023-09-30,0,0,0
150261,Mahaboobnagar,2023-08-31,0,0,0
150261,Mahaboobnagar,2023-07-31,3380,165,0
150261,Mahaboobnagar,2023-06-30,5646,285,0
150261,Mahaboobnagar,2023-05-31,5172,232,0
150261,Mahaboobnagar,2023-04-30,3660,165,0
150262,Mahaboobnagar,2024-09-30,5968,184,1
150262,Mahaboobnagar,2024-08-31,7800,239,1
150262,Mahaboobnagar,2024-07-31,5932,185,3
150262,Mahaboobnagar,2024-06-30,5892,185,1
150262,Mahaboobnagar,2024-05-31,6620,206,1
150262,Mahaboobnagar,2024-04-30,6224,195,2
150262,Mahaboobnagar,2024-03-31,6748,208,0
150262,Mahaboobnagar,2024-02-29,6354,195,2
150262,Mahaboobnagar,2024-01-31,6338,196,1
150262,Mahaboobnagar,2023-12-31,5476,175,4
150262,Mahaboobnagar,2023-11-30,0,0,0
150262,Mahaboobnagar,2023-10-31,3616,119,0
150262,Mahaboobnagar,2023-09-30,5160,178,0
150262,Mahaboobnagar,2023-08-31,0,0,0
150262,Mahaboobnagar,2023-07-31,0,0,0
150262,Mahaboobnagar,2023-06-30,0,0,0
150262,Mahaboobnagar,2023-05-31,5736,183,0
150262,Mahaboobnagar,2023-04-30,7480,232,0
150263,Mahaboobnagar,2024-09-30,5268,173,4
150263,Mahaboobnagar,2024-08-31,7058,229,3
150263,Mahaboobnagar,2024-07-31,6056,204,4
150263,Mahaboobnagar,2024-06-30,6758,222,3
150263,Mahaboobnagar,2024-05-31,7958,249,1
150263,Mahaboobnagar,2024-04-30,5826,195,0
150263,Mahaboobnagar,2024-03-31,7212,236,1
150263,Mahaboobnagar,2024-02-29,5916,195,3
150263,Mahaboobnagar,2024-01-31,6504,214,5
150263,Mahaboobnagar,2023-12-31,7342,246,3
150263,Mahaboobnagar,2023-11-30,7140,228,0
150263,Mahaboobnagar,2023-10-31,7296,249,0
150263,Mahaboobnagar,2023-09-30,3808,131,1
150263,Mahaboobnagar,2023-08-31,0,0,0
150263,Mahaboobnagar,2023-07-31,0,0,0
150263,Mahaboobnagar,2023-06-30,0,0,0
150263,Mahaboobnagar,2023-05-31,0,0,0
150263,Mahaboobnagar,2023-04-30,0,0,0
150268,Mahaboobnagar,2024-09-30,4677,204,6
150268,Mahaboobnagar,2024-08-31,7240,320,1
150268,Mahaboobnagar,2024-07-31,6356,314,2
150268,Mahaboobnagar,2024-06-30,4047,176,11
150268,Mahaboobnagar,2024-05-31,7055,301,2
150268,Mahaboobnagar,2024-04-30,5691,281,3
150268,Mahaboobnagar,2024-03-31,5057,245,5
150268,Mahaboobnagar,2024-02-29,6095,271,0
150268,Mahaboobnagar,2024-01-31,5710,276,3
150268,Mahaboobnagar,2023-12-31,5410,269,1
150268,Mahaboobnagar,2023-11-30,5292,261,0
150268,Mahaboobnagar,2023-10-31,4710,217,0
150268,Mahaboobnagar,2023-09-30,4945,250,0
150268,Mahaboobnagar,2023-08-31,6490,317,0
150268,Mahaboobnagar,2023-07-31,5600,280,0
150268,Mahaboobnagar,2023-06-30,5145,227,1
150268,Mahaboobnagar,2023-05-31,5716,286,1
150268,Mahaboobnagar,2023-04-30,5825,292,0
150280,Mahaboobnagar,2024-09-30,0,0,30
150280,Mahaboobnagar,2024-08-31,0,0,28
150280,Mahaboobnagar,2024-07-31,600,22,4
150280,Mahaboobnagar,2024-06-30,5200,185,0
150280,Mahaboobnagar,2024-05-31,4224,134,1
150280,Mahaboobnagar,2024-04-30,6044,190,9
150280,Mahaboobnagar,2024-03-31,7800,266,2
150280,Mahaboobnagar,2024-02-29,8600,276,0
150280,Mahaboobnagar,2024-01-31,7600,246,3
150280,Mahaboobnagar,2023-12-31,7730,261,2
150280,Mahaboobnagar,2023-11-30,7800,263,0
150280,Mahaboobnagar,2023-10-31,7600,237,0
150280,Mahaboobnagar,2023-09-30,6810,220,0
150280,Mahaboobnagar,2023-08-31,8600,284,0
150280,Mahaboobnagar,2023-07-31,8200,272,0
150280,Mahaboobnagar,2023-06-30,6200,205,1
150280,Mahaboobnagar,2023-05-31,8520,289,0
150280,Mahaboobnagar,2023-04-30,6820,226,0
150288,Mahaboobnagar,2024-09-30,0,0,16
150288,Mahaboobnagar,2024-08-31,0,0,31
150288,Mahaboobnagar,2024-07-31,0,0,31
150288,Mahaboobnagar,2024-06-30,0,0,30
150288,Mahaboobnagar,2024-05-31,0,0,31
150288,Mahaboobnagar,2024-04-30,0,0,30
150288,Mahaboobnagar,2024-03-31,0,0,31
150288,Mahaboobnagar,2024-02-29,0,0,24
150288,Mahaboobnagar,2024-01-31,0,0,0
150288,Mahaboobnagar,2023-12-31,0,0,11
150288,Mahaboobnagar,2023-11-30,0,0,0
150288,Mahaboobnagar,2023-10-31,0,0,0
150288,Mahaboobnagar,2023-09-30,0,0,0
150288,Mahaboobnagar,2023-08-31,0,0,0
150288,Mahaboobnagar,2023-07-31,0,0,0
150288,Mahaboobnagar,2023-06-30,0,0,0
150288,Mahaboobnagar,2023-05-31,400,12,0
150288,Mahaboobnagar,2023-04-30,0,0,0
150302,Mahaboobnagar,2024-09-30,5252,172,0
150302,Mahaboobnagar,2024-08-31,6268,200,1
150302,Mahaboobnagar,2024-07-31,5058,153,1
150302,Mahaboobnagar,2024-06-30,6060,190,2
150302,Mahaboobnagar,2024-05-31,8263,270,1
150302,Mahaboobnagar,2024-04-30,5620,170,1
150302,Mahaboobnagar,2024-03-31,4646,145,0
150302,Mahaboobnagar,2024-02-29,5308,167,0
150302,Mahaboobnagar,2024-01-31,5640,182,3
150302,Mahaboobnagar,2023-12-31,6103,194,0
150302,Mahaboobnagar,2023-11-30,5267,168,0
150302,Mahaboobnagar,2023-10-31,4791,160,0
150302,Mahaboobnagar,2023-09-30,3936,122,0
150302,Mahaboobnagar,2023-08-31,4810,153,0
150302,Mahaboobnagar,2023-07-31,5848,211,0
150302,Mahaboobnagar,2023-06-30,5211,184,0
150302,Mahaboobnagar,2023-05-31,5382,171,0
150302,Mahaboobnagar,2023-04-30,700,21,0
150397,Mahaboobnagar,2024-09-30,5982,185,2
150397,Mahaboobnagar,2024-08-31,6874,212,3
150397,Mahaboobnagar,2024-07-31,6764,215,6
150397,Mahaboobnagar,2024-06-30,6268,201,3
150397,Mahaboobnagar,2024-05-31,6699,210,2
150397,Mahaboobnagar,2024-04-30,6660,206,1
150397,Mahaboobnagar,2024-03-31,7240,224,0
150397,Mahaboobnagar,2024-02-29,7480,230,0
150397,Mahaboobnagar,2024-01-31,6316,196,2
150397,Mahaboobnagar,2023-12-31,6688,210,1
150397,Mahaboobnagar,2023-11-30,6723,211,0
150397,Mahaboobnagar,2023-10-31,6159,191,0
150397,Mahaboobnagar,2023-09-30,5718,181,0
150397,Mahaboobnagar,2023-08-31,6894,219,0
150397,Mahaboobnagar,2023-07-31,6114,195,0
150397,Mahaboobnagar,2023-06-30,6008,190,0
150397,Mahaboobnagar,2023-05-31,7064,224,0
150397,Mahaboobnagar,2023-04-30,4686,155,0
150403,Mahaboobnagar,2024-09-30,8770,268,4
150403,Mahaboobnagar,2024-08-31,11736,364,0
150403,Mahaboobnagar,2024-07-31,8937,305,2
150403,Mahaboobnagar,2024-06-30,9724,293,2
150403,Mahaboobnagar,2024-05-31,8872,290,1
150403,Mahaboobnagar,2024-04-30,9896,289,2
150403,Mahaboobnagar,2024-03-31,11038,308,0
150403,Mahaboobnagar,2024-02-29,9296,326,2
150403,Mahaboobnagar,2024-01-31,10400,332,2
150403,Mahaboobnagar,2023-12-31,4396,128,15
150403,Mahaboobnagar,2023-11-30,8308,266,0
150403,Mahaboobnagar,2023-10-31,8896,297,0
150403,Mahaboobnagar,2023-09-30,7948,267,0
150403,Mahaboobnagar,2023-08-31,10620,339,0
150403,Mahaboobnagar,2023-07-31,9736,327,0
150403,Mahaboobnagar,2023-06-30,9734,333,0
150403,Mahaboobnagar,2023-05-31,10176,332,0
150403,Mahaboobnagar,2023-04-30,8446,296,0
150431,Mahaboobnagar,2024-09-30,4762,232,2
150431,Mahaboobnagar,2024-08-31,6708,287,2
150431,Mahaboobnagar,2024-07-31,7274,297,2
150431,Mahaboobnagar,2024-06-30,5436,198,18
150431,Mahaboobnagar,2024-05-31,9428,321,1
150431,Mahaboobnagar,2024-04-30,2644,113,5
150431,Mahaboobnagar,2024-03-31,0,0,0
150431,Mahaboobnagar,2024-02-29,17880,606,0
150431,Mahaboobnagar,2024-01-31,6832,306,1
150431,Mahaboobnagar,2023-12-31,7528,220,0
150431,Mahaboobnagar,2023-11-30,1431,47,0
150431,Mahaboobnagar,2023-10-31,701,23,0
150431,Mahaboobnagar,2023-09-30,0,0,1
150431,Mahaboobnagar,2023-08-31,884,28,0
150431,Mahaboobnagar,2023-07-31,200,22,0
150431,Mahaboobnagar,2023-06-30,1000,34,0
150431,Mahaboobnagar,2023-05-31,340,13,0
150431,Mahaboobnagar,2023-04-30,1000,30,0
150556,Mahaboobnagar,2024-09-30,5464,173,20
150556,Mahaboobnagar,2024-08-31,6096,170,18
150556,Mahaboobnagar,2024-07-31,7522,203,0
150556,Mahaboobnagar,2024-06-30,7144,195,3
150556,Mahaboobnagar,2024-05-31,4872,146,2
150556,Mahaboobnagar,2024-04-30,6336,184,7
150556,Mahaboobnagar,2024-03-31,8272,249,2
150556,Mahaboobnagar,2024-02-29,7991,229,0
150556,Mahaboobnagar,2024-01-31,7672,226,2
150556,Mahaboobnagar,2023-12-31,8912,274,0
150556,Mahaboobnagar,2023-11-30,4048,118,0
150556,Mahaboobnagar,2023-10-31,8240,269,0
150556,Mahaboobnagar,2023-09-30,6666,209,3
150556,Mahaboobnagar,2023-08-31,8200,264,2
150556,Mahaboobnagar,2023-07-31,5980,198,2
150556,Mahaboobnagar,2023-06-30,7600,242,2
150556,Mahaboobnagar,2023-05-31,6630,210,2
150556,Mahaboobnagar,2023-04-30,7040,232,1
150717,Mahaboobnagar,2024-09-30,0,0,0
150717,Mahaboobnagar,2024-08-31,0,0,0
150717,Mahaboobnagar,2024-07-31,0,0,0
150717,Mahaboobnagar,2024-06-30,0,0,0
150717,Mahaboobnagar,2024-05-31,0,0,0
150717,Mahaboobnagar,2024-04-30,0,0,0
150717,Mahaboobnagar,2024-03-31,0,0,31
150717,Mahaboobnagar,2024-02-29,0,0,29
150717,Mahaboobnagar,2024-01-31,4000,190,5
150717,Mahaboobnagar,2023-12-31,5800,283,0
150717,Mahaboobnagar,2023-11-30,4700,222,0
150717,Mahaboobnagar,2023-10-31,5185,262,0
150717,Mahaboobnagar,2023-09-30,5490,274,0
150717,Mahaboobnagar,2023-08-31,5666,286,0
150717,Mahaboobnagar,2023-07-31,5081,249,0
150717,Mahaboobnagar,2023-06-30,5740,279,0
150717,Mahaboobnagar,2023-05-31,6302,291,0
150717,Mahaboobnagar,2023-04-30,6080,284,0
150809,Mahaboobnagar,2024-09-30,15039,465,0
150809,Mahaboobnagar,2024-08-31,11568,347,2
150809,Mahaboobnagar,2024-07-31,10744,343,2
150809,Mahaboobnagar,2024-06-30,10768,360,1
150809,Mahaboobnagar,2024-05-31,15378,465,0
150809,Mahaboobnagar,2024-04-30,11868,360,1
150809,Mahaboobnagar,2024-03-31,13012,362,3
150809,Mahaboobnagar,2024-02-29,12970,381,1
150809,Mahaboobnagar,2024-01-31,12992,378,0
150809,Mahaboobnagar,2023-12-31,12808,353,2
150809,Mahaboobnagar,2023-11-30,13632,393,0
150809,Mahaboobnagar,2023-10-31,11868,370,0
150809,Mahaboobnagar,2023-09-30,7626,252,0
150809,Mahaboobnagar,2023-08-31,10416,341,0
150809,Mahaboobnagar,2023-07-31,8496,290,1
150809,Mahaboobnagar,2023-06-30,11204,353,0
150809,Mahaboobnagar,2023-05-31,10818,345,0
150809,Mahaboobnagar,2023-04-30,12104,386,0
150832,Mahaboobnagar,2024-09-30,11376,350,1
150832,Mahaboobnagar,2024-08-31,9896,308,0
150832,Mahaboobnagar,2024-07-31,9596,315,0
150832,Mahaboobnagar,2024-06-30,10200,332,0
150832,Mahaboobnagar,2024-05-31,0,0,5
150832,Mahaboobnagar,2024-04-30,0,0,0
150832,Mahaboobnagar,2024-03-31,0,0,0
150832,Mahaboobnagar,2024-02-29,0,0,0
150832,Mahaboobnagar,2024-01-31,0,0,0
150832,Mahaboobnagar,2023-12-31,0,0,3
150832,Mahaboobnagar,2023-11-30,0,0,0
150832,Mahaboobnagar,2023-10-31,2,0,0
150832,Mahaboobnagar,2023-09-30,3648,126,4
150832,Mahaboobnagar,2023-08-31,10296,340,0
150832,Mahaboobnagar,2023-07-31,10470,339,0
150832,Mahaboobnagar,2023-06-30,10020,321,0
150832,Mahaboobnagar,2023-05-31,10620,344,0
150832,Mahaboobnagar,2023-04-30,10420,336,0
150903,Mahaboobnagar,2024-09-30,5690,198,0
150903,Mahaboobnagar,2024-08-31,5816,193,2
150903,Mahaboobnagar,2024-07-31,6258,206,0
150903,Mahaboobnagar,2024-06-30,5898,196,0
150903,Mahaboobnagar,2024-05-31,6064,199,1
150903,Mahaboobnagar,2024-04-30,6342,209,3
150903,Mahaboobnagar,2024-03-31,6162,202,3
150903,Mahaboobnagar,2024-02-29,6080,197,0
150903,Mahaboobnagar,2024-01-31,5816,192,3
150903,Mahaboobnagar,2023-12-31,5532,185,3
150903,Mahaboobnagar,2023-11-30,5134,172,0
150903,Mahaboobnagar,2023-10-31,5718,189,0
150903,Mahaboobnagar,2023-09-30,5596,187,0
150903,Mahaboobnagar,2023-08-31,5732,193,0
150903,Mahaboobnagar,2023-07-31,5166,174,0
150903,Mahaboobnagar,2023-06-30,5894,192,0
150903,Mahaboobnagar,2023-05-31,7800,256,0
150903,Mahaboobnagar,2023-04-30,6162,199,0
150906,Mahaboobnagar,2024-09-30,1772,49,0
150906,Mahaboobnagar,2024-08-31,0,0,0
150906,Mahaboobnagar,2024-07-31,1260,41,0
150906,Mahaboobnagar,2024-06-30,1556,51,0
150906,Mahaboobnagar,2024-05-31,2,0,0
150906,Mahaboobnagar,2024-04-30,1616,53,0
150906,Mahaboobnagar,2024-03-31,0,0,0
150906,Mahaboobnagar,2024-02-29,600,20,0
150906,Mahaboobnagar,2024-01-31,0,0,0
150906,Mahaboobnagar,2023-12-31,200,10,0
150906,Mahaboobnagar,2023-11-30,1061,35,0
150906,Mahaboobnagar,2023-10-31,200,6,0
150906,Mahaboobnagar,2023-09-30,0,0,0
150906,Mahaboobnagar,2023-08-31,686,26,0
150906,Mahaboobnagar,2023-07-31,0,0,0
150906,Mahaboobnagar,2023-06-30,400,12,0
150906,Mahaboobnagar,2023-05-31,0,0,0
150906,Mahaboobnagar,2023-04-30,400,12,0
150917,Mahaboobnagar,2024-09-30,7883,240,2
150917,Mahaboobnagar,2024-08-31,4176,159,8
150917,Mahaboobnagar,2024-07-31,7570,237,4
150917,Mahaboobnagar,2024-06-30,6934,223,2
150917,Mahaboobnagar,2024-05-31,9210,263,0
150917,Mahaboobnagar,2024-04-30,7282,229,3
150917,Mahaboobnagar,2024-03-31,8136,275,1
150917,Mahaboobnagar,2024-02-29,6892,229,4
150917,Mahaboobnagar,2024-01-31,6594,235,5
150917,Mahaboobnagar,2023-12-31,7353,281,3
150917,Mahaboobnagar,2023-11-30,6904,244,0
150917,Mahaboobnagar,2023-10-31,6530,227,0
150917,Mahaboobnagar,2023-09-30,5229,210,0
150917,Mahaboobnagar,2023-08-31,6650,212,0
150917,Mahaboobnagar,2023-07-31,6010,188,0
150917,Mahaboobnagar,2023-06-30,6098,193,0
150917,Mahaboobnagar,2023-05-31,6904,229,0
150917,Mahaboobnagar,2023-04-30,6764,214,0
150926,Mahaboobnagar,2024-09-30,10520,334,4
150926,Mahaboobnagar,2024-08-31,15664,487,0
150926,Mahaboobnagar,2024-07-31,13402,419,2
150926,Mahaboobnagar,2024-06-30,12068,362,2
150926,Mahaboobnagar,2024-05-31,13766,411,2
150926,Mahaboobnagar,2024-04-30,12516,379,0
150926,Mahaboobnagar,2024-03-31,14440,439,0
150926,Mahaboobnagar,2024-02-29,13036,395,1
150926,Mahaboobnagar,2024-01-31,12053,361,3
150926,Mahaboobnagar,2023-12-31,13588,405,2
150926,Mahaboobnagar,2023-11-30,13328,416,0
150926,Mahaboobnagar,2023-10-31,14836,455,0
150926,Mahaboobnagar,2023-09-30,10456,321,0
150926,Mahaboobnagar,2023-08-31,12308,380,0
150926,Mahaboobnagar,2023-07-31,9356,318,0
150926,Mahaboobnagar,2023-06-30,10220,337,0
150926,Mahaboobnagar,2023-05-31,10620,340,0
150926,Mahaboobnagar,2023-04-30,8336,284,0
150943,Mahaboobnagar,2024-09-30,6036,308,1
150943,Mahaboobnagar,2024-08-31,5452,266,4
150943,Mahaboobnagar,2024-07-31,6144,314,1
150943,Mahaboobnagar,2024-06-30,6296,301,0
150943,Mahaboobnagar,2024-05-31,6441,333,0
150943,Mahaboobnagar,2024-04-30,6170,293,1
150943,Mahaboobnagar,2024-03-31,6666,301,1
150943,Mahaboobnagar,2024-02-29,6006,280,0
150943,Mahaboobnagar,2024-01-31,6100,280,1
150943,Mahaboobnagar,2023-12-31,5890,282,0
150943,Mahaboobnagar,2023-11-30,6005,281,0
150943,Mahaboobnagar,2023-10-31,5574,259,0
150943,Mahaboobnagar,2023-09-30,5571,262,0
150943,Mahaboobnagar,2023-08-31,6431,323,0
150943,Mahaboobnagar,2023-07-31,5884,268,0
150943,Mahaboobnagar,2023-06-30,7067,309,0
150943,Mahaboobnagar,2023-05-31,4210,204,0
150943,Mahaboobnagar,2023-04-30,3850,192,4
150946,Ranigunj-I,2024-09-30,2025,104,3
150946,Ranigunj-I,2024-08-31,882,49,0
150946,Ranigunj-I,2024-07-31,3401,189,0
150946,Ranigunj-I,2024-06-30,3046,167,3
150946,Ranigunj-I,2024-05-31,3504,183,2
150946,Ranigunj-I,2024-04-30,3256,178,1
150946,Ranigunj-I,2024-03-31,3024,168,2
150946,Ranigunj-I,2024-02-29,2843,153,2
150946,Ranigunj-I,2024-01-31,3496,196,1
150946,Ranigunj-I,2023-12-31,3276,179,2
150946,Ranigunj-I,2023-11-30,3555,183,0
150946,Ranigunj-I,2023-10-31,3478,176,3
150946,Ranigunj-I,2023-09-30,3752,170,0
150946,Ranigunj-I,2023-08-31,3858,142,2
150946,Ranigunj-I,2023-07-31,4527,211,0
150946,Ranigunj-I,2023-06-30,2998,115,12
150946,Ranigunj-I,2023-05-31,0,0,19
150946,Ranigunj-I,2023-04-30,0,0,3
150973,Mahaboobnagar,2024-09-30,0,0,1
150973,Mahaboobnagar,2024-08-31,0,0,0
150973,Mahaboobnagar,2024-07-31,0,0,2
150973,Mahaboobnagar,2024-06-30,5942,261,1
150973,Mahaboobnagar,2024-05-31,7059,277,0
150973,Mahaboobnagar,2024-04-30,4706,189,11
150973,Mahaboobnagar,2024-03-31,5840,265,1
150973,Mahaboobnagar,2024-02-29,3940,173,2
150973,Mahaboobnagar,2024-01-31,6008,276,1
150973,Mahaboobnagar,2023-12-31,6704,299,0
150973,Mahaboobnagar,2023-11-30,5828,254,0
150973,Mahaboobnagar,2023-10-31,5902,267,1
150973,Mahaboobnagar,2023-09-30,4876,223,0
150973,Mahaboobnagar,2023-08-31,5790,285,0
150973,Mahaboobnagar,2023-07-31,5686,268,0
150973,Mahaboobnagar,2023-06-30,6172,256,0
150973,Mahaboobnagar,2023-05-31,5821,262,0
150973,Mahaboobnagar,2023-04-30,6302,287,0
151003,Mahaboobnagar,2024-09-30,6250,274,0
151003,Mahaboobnagar,2024-08-31,6660,297,1
151003,Mahaboobnagar,2024-07-31,5854,230,6
151003,Mahaboobnagar,2024-06-30,6069,215,1
151003,Mahaboobnagar,2024-05-31,7210,286,0
151003,Mahaboobnagar,2024-04-30,6410,283,0
151003,Mahaboobnagar,2024-03-31,6180,271,0
151003,Mahaboobnagar,2024-02-29,4590,207,1
151003,Mahaboobnagar,2024-01-31,6297,300,1
151003,Mahaboobnagar,2023-12-31,6360,286,1
151003,Mahaboobnagar,2023-11-30,3680,165,1
151003,Mahaboobnagar,2023-10-31,0,0,0
151003,Mahaboobnagar,2023-09-30,0,0,0
151003,Mahaboobnagar,2023-08-31,0,0,0
151003,Mahaboobnagar,2023-07-31,0,0,0
151003,Mahaboobnagar,2023-06-30,0,0,0
151003,Mahaboobnagar,2023-05-31,0,0,0
151003,Mahaboobnagar,2023-04-30,0,0,0
151005,Mahaboobnagar,2024-09-30,0,0,0
151005,Mahaboobnagar,2024-08-31,0,0,0
151005,Mahaboobnagar,2024-07-31,0,0,0
151005,Mahaboobnagar,2024-06-30,3160,99,0
151005,Mahaboobnagar,2024-05-31,9233,297,0
151005,Mahaboobnagar,2024-04-30,6786,221,0
151005,Mahaboobnagar,2024-03-31,8202,266,1
151005,Mahaboobnagar,2024-02-29,6096,199,4
151005,Mahaboobnagar,2024-01-31,6624,224,3
151005,Mahaboobnagar,2023-12-31,7458,242,2
151005,Mahaboobnagar,2023-11-30,6320,208,1
151005,Mahaboobnagar,2023-10-31,6550,208,0
151005,Mahaboobnagar,2023-09-30,5522,182,0
151005,Mahaboobnagar,2023-08-31,8546,272,0
151005,Mahaboobnagar,2023-07-31,5948,194,0
151005,Mahaboobnagar,2023-06-30,5782,191,0
151005,Mahaboobnagar,2023-05-31,6920,222,0
151005,Mahaboobnagar,2023-04-30,7000,224,0
151007,Mahaboobnagar,2024-09-30,6560,337,3
151007,Mahaboobnagar,2024-08-31,6614,339,3
151007,Mahaboobnagar,2024-07-31,6470,336,1
151007,Mahaboobnagar,2024-06-30,6378,317,1
151007,Mahaboobnagar,2024-05-31,6904,311,0
151007,Mahaboobnagar,2024-04-30,6610,300,2
151007,Mahaboobnagar,2024-03-31,6491,292,0
151007,Mahaboobnagar,2024-02-29,6980,282,0
151007,Mahaboobnagar,2024-01-31,5950,281,1
151007,Mahaboobnagar,2023-12-31,6560,294,1
151007,Mahaboobnagar,2023-11-30,5560,257,1
151007,Mahaboobnagar,2023-10-31,5740,294,0
151007,Mahaboobnagar,2023-09-30,5250,260,0
151007,Mahaboobnagar,2023-08-31,6040,321,0
151007,Mahaboobnagar,2023-07-31,6160,313,0
151007,Mahaboobnagar,2023-06-30,5240,258,0
151007,Mahaboobnagar,2023-05-31,4150,231,0
151007,Mahaboobnagar,2023-04-30,6090,290,0
151014,Mahaboobnagar,2024-09-30,0,0,0
151014,Mahaboobnagar,2024-08-31,0,0,0
151014,Mahaboobnagar,2024-07-31,0,0,0
151014,Mahaboobnagar,2024-06-30,0,0,0
151014,Mahaboobnagar,2024-05-31,0,0,0
151014,Mahaboobnagar,2024-04-30,0,0,0
151014,Mahaboobnagar,2024-03-31,0,0,31
151014,Mahaboobnagar,2024-02-29,0,0,28
151014,Mahaboobnagar,2024-01-31,0,0,30
151014,Mahaboobnagar,2023-12-31,4611,234,6
151014,Mahaboobnagar,2023-11-30,5355,275,0
151014,Mahaboobnagar,2023-10-31,5305,272,1
151014,Mahaboobnagar,2023-09-30,4931,246,0
151014,Mahaboobnagar,2023-08-31,5865,314,2
151014,Mahaboobnagar,2023-07-31,5875,300,0
151014,Mahaboobnagar,2023-06-30,5350,259,0
151014,Mahaboobnagar,2023-05-31,5455,270,2
151014,Mahaboobnagar,2023-04-30,5380,280,0
151015,Mahaboobnagar,2024-09-30,6222,206,1
151015,Mahaboobnagar,2024-08-31,7808,257,1
151015,Mahaboobnagar,2024-07-31,8446,278,0
151015,Mahaboobnagar,2024-06-30,7296,255,1
151015,Mahaboobnagar,2024-05-31,9700,319,1
151015,Mahaboobnagar,2024-04-30,5552,219,12
151015,Mahaboobnagar,2024-03-31,5416,183,0
151015,Mahaboobnagar,2024-02-29,4932,169,2
151015,Mahaboobnagar,2024-01-31,9693,354,0
151015,Mahaboobnagar,2023-12-31,7792,273,3
151015,Mahaboobnagar,2023-11-30,6174,252,0
151015,Mahaboobnagar,2023-10-31,7392,267,0
151015,Mahaboobnagar,2023-09-30,5467,224,0
151015,Mahaboobnagar,2023-08-31,7076,271,0
151015,Mahaboobnagar,2023-07-31,6730,233,0
151015,Mahaboobnagar,2023-06-30,6535,224,0
151015,Mahaboobnagar,2023-05-31,7666,278,0
151015,Mahaboobnagar,2023-04-30,3786,109,0
151016,Ranigunj-I,2024-09-30,0,0,16
151016,Ranigunj-I,2024-08-31,0,0,15
151016,Ranigunj-I,2024-07-31,0,0,17
151016,Ranigunj-I,2024-06-30,0,0,13
151016,Ranigunj-I,2024-05-31,930,42,12
151016,Ranigunj-I,2024-04-30,2617,139,1
151016,Ranigunj-I,2024-03-31,2650,135,3
151016,Ranigunj-I,2024-02-29,2748,136,1
151016,Ranigunj-I,2024-01-31,2909,151,2
151016,Ranigunj-I,2023-12-31,2900,150,1
151016,Ranigunj-I,2023-11-30,2744,144,2
151016,Ranigunj-I,2023-10-31,2910,152,0
151016,Ranigunj-I,2023-09-30,2784,144,2
151016,Ranigunj-I,2023-08-31,3016,156,1
151016,Ranigunj-I,2023-07-31,2552,132,0
151016,Ranigunj-I,2023-06-30,3056,155,1
151016,Ranigunj-I,2023-05-31,3016,156,1
151016,Ranigunj-I,2023-04-30,2584,130,3
151020,Mahaboobnagar,2024-09-30,4685,299,1
151020,Mahaboobnagar,2024-08-31,4826,297,7
151020,Mahaboobnagar,2024-07-31,6144,330,0
151020,Mahaboobnagar,2024-06-30,6501,318,1
151020,Mahaboobnagar,2024-05-31,6132,288,0
151020,Mahaboobnagar,2024-04-30,5816,286,3
151020,Mahaboobnagar,2024-03-31,4716,220,8
151020,Mahaboobnagar,2024-02-29,6157,308,0
151020,Mahaboobnagar,2024-01-31,6094,330,1
151020,Mahaboobnagar,2023-12-31,5756,274,1
151020,Mahaboobnagar,2023-11-30,6122,285,0
151020,Mahaboobnagar,2023-10-31,5220,246,0
151020,Mahaboobnagar,2023-09-30,5686,272,0
151020,Mahaboobnagar,2023-08-31,6528,308,0
151020,Mahaboobnagar,2023-07-31,6528,308,0
151020,Mahaboobnagar,2023-06-30,5802,275,0
151020,Mahaboobnagar,2023-05-31,5676,270,0
151020,Mahaboobnagar,2023-04-30,6105,275,0
151215,Mahaboobnagar,2024-09-30,0,0,0
151215,Mahaboobnagar,2024-08-31,0,0,0
151215,Mahaboobnagar,2024-07-31,0,0,0
151215,Mahaboobnagar,2024-06-30,0,0,0
151215,Mahaboobnagar,2024-05-31,0,0,0
151215,Mahaboobnagar,2024-04-30,0,0,0
151215,Mahaboobnagar,2024-03-31,0,0,31
151215,Mahaboobnagar,2024-02-29,0,0,29
151215,Mahaboobnagar,2024-01-31,0,0,10
151215,Mahaboobnagar,2023-12-31,0,0,3
151215,Mahaboobnagar,2023-11-30,0,0,0
151215,Mahaboobnagar,2023-10-31,0,0,0
151215,Mahaboobnagar,2023-09-30,0,0,0
151215,Mahaboobnagar,2023-08-31,0,0,0
151215,Mahaboobnagar,2023-07-31,0,0,0
151215,Mahaboobnagar,2023-06-30,1600,54,8
151215,Mahaboobnagar,2023-05-31,7600,241,1
151215,Mahaboobnagar,2023-04-30,8225,278,0
151219,Falaknuma,2024-09-30,3288,0,0
151219,Falaknuma,2024-08-31,3629,0,0
151219,Falaknuma,2024-07-31,5288,0,0
151219,Falaknuma,2024-06-30,4554,0,0
151219,Falaknuma,2024-05-31,5173,0,0
151219,Falaknuma,2024-04-30,4600,0,0
151219,Falaknuma,2024-03-31,4625,0,0
151219,Falaknuma,2024-02-29,4897,0,0
151219,Falaknuma,2024-01-31,5648,0,0
151219,Falaknuma,2023-12-31,5045,0,0
151219,Falaknuma,2023-11-30,4466,0,0
151219,Falaknuma,2023-10-31,4480,0,0
151219,Falaknuma,2023-09-30,4625,0,0
151219,Falaknuma,2023-08-31,4337,0,0
151219,Falaknuma,2023-07-31,5527,0,0
151219,Falaknuma,2023-06-30,5328,0,0
151219,Falaknuma,2023-05-31,5758,0,0
151219,Falaknuma,2023-04-30,5331,0,0
151272,Mahaboobnagar,2024-09-30,10946,333,1
151272,Mahaboobnagar,2024-08-31,11144,333,4
151272,Mahaboobnagar,2024-07-31,10633,324,1
151272,Mahaboobnagar,2024-06-30,9782,293,1
151272,Mahaboobnagar,2024-05-31,10434,318,2
151272,Mahaboobnagar,2024-04-30,10638,324,1
151272,Mahaboobnagar,2024-03-31,10282,315,1
151272,Mahaboobnagar,2024-02-29,11380,348,3
151272,Mahaboobnagar,2024-01-31,9452,294,1
151272,Mahaboobnagar,2023-12-31,9818,295,1
151272,Mahaboobnagar,2023-11-30,12152,382,0
151272,Mahaboobnagar,2023-10-31,9940,309,0
151272,Mahaboobnagar,2023-09-30,9496,306,0
151272,Mahaboobnagar,2023-08-31,8747,274,0
151272,Mahaboobnagar,2023-07-31,9220,288,0
151272,Mahaboobnagar,2023-06-30,9816,303,0
151272,Mahaboobnagar,2023-05-31,10687,331,0
151272,Mahaboobnagar,2023-04-30,9490,296,0
151273,Mahaboobnagar,2024-09-30,10494,310,1
151273,Mahaboobnagar,2024-08-31,10368,311,0
151273,Mahaboobnagar,2024-07-31,4696,138,20
151273,Mahaboobnagar,2024-06-30,10692,321,1
151273,Mahaboobnagar,2024-05-31,10349,309,1
151273,Mahaboobnagar,2024-04-30,9084,273,1
151273,Mahaboobnagar,2024-03-31,8008,240,0
151273,Mahaboobnagar,2024-02-29,10024,300,0
151273,Mahaboobnagar,2024-01-31,9698,316,2
151273,Mahaboobnagar,2023-12-31,9836,315,1
151273,Mahaboobnagar,2023-11-30,8914,279,0
151273,Mahaboobnagar,2023-10-31,8706,285,0
151273,Mahaboobnagar,2023-09-30,7296,249,0
151273,Mahaboobnagar,2023-08-31,10296,331,0
151273,Mahaboobnagar,2023-07-31,10080,328,0
151273,Mahaboobnagar,2023-06-30,8516,266,0
151273,Mahaboobnagar,2023-05-31,9438,313,0
151273,Mahaboobnagar,2023-04-30,9596,307,0
151277,Mahaboobnagar,2024-09-30,0,0,16
151277,Mahaboobnagar,2024-08-31,936,29,15
151277,Mahaboobnagar,2024-07-31,6157,218,2
151277,Mahaboobnagar,2024-06-30,6837,204,1
151277,Mahaboobnagar,2024-05-31,6402,234,3
151277,Mahaboobnagar,2024-04-30,6402,237,0
151277,Mahaboobnagar,2024-03-31,6006,250,1
151277,Mahaboobnagar,2024-02-29,6216,217,2
151277,Mahaboobnagar,2024-01-31,6833,220,2
151277,Mahaboobnagar,2023-12-31,7867,289,1
151277,Mahaboobnagar,2023-11-30,5686,233,1
151277,Mahaboobnagar,2023-10-31,5891,197,0
151277,Mahaboobnagar,2023-09-30,6366,194,0
151277,Mahaboobnagar,2023-08-31,0,0,0
151277,Mahaboobnagar,2023-07-31,2304,86,1
151277,Mahaboobnagar,2023-06-30,6877,227,0
151277,Mahaboobnagar,2023-05-31,7520,229,0
151277,Mahaboobnagar,2023-04-30,7040,213,0
151285,Mahaboobnagar,2024-09-30,7570,257,2
151285,Mahaboobnagar,2024-08-31,0,0,31
151285,Mahaboobnagar,2024-07-31,0,0,31
151285,Mahaboobnagar,2024-06-30,0,0,30
151285,Mahaboobnagar,2024-05-31,0,0,22
151285,Mahaboobnagar,2024-04-30,0,0,0
151285,Mahaboobnagar,2024-03-31,0,0,0
151285,Mahaboobnagar,2024-02-29,0,0,0
151285,Mahaboobnagar,2024-01-31,0,0,0
151285,Mahaboobnagar,2023-12-31,3114,104,19
151285,Mahaboobnagar,2023-11-30,5026,162,2
151285,Mahaboobnagar,2023-10-31,5627,189,0
151285,Mahaboobnagar,2023-09-30,5508,180,0
151285,Mahaboobnagar,2023-08-31,6620,216,0
151285,Mahaboobnagar,2023-07-31,5572,185,0
151285,Mahaboobnagar,2023-06-30,4640,148,7
151285,Mahaboobnagar,2023-05-31,5552,185,0
151285,Mahaboobnagar,2023-04-30,6402,207,0
151286,Mahaboobnagar,2024-09-30,0,0,0
151286,Mahaboobnagar,2024-08-31,0,0,0
151286,Mahaboobnagar,2024-07-31,0,0,0
151286,Mahaboobnagar,2024-06-30,0,0,0
151286,Mahaboobnagar,2024-05-31,0,0,0
151286,Mahaboobnagar,2024-04-30,0,0,0
151286,Mahaboobnagar,2024-03-31,0,0,31
151286,Mahaboobnagar,2024-02-29,0,0,29
151286,Mahaboobnagar,2024-01-31,0,0,19
151286,Mahaboobnagar,2023-12-31,0,0,31
151286,Mahaboobnagar,2023-11-30,0,0,0
151286,Mahaboobnagar,2023-10-31,0,0,0
151286,Mahaboobnagar,2023-09-30,0,0,0
151286,Mahaboobnagar,2023-08-31,0,0,0
151286,Mahaboobnagar,2023-07-31,0,0,0
151286,Mahaboobnagar,2023-06-30,0,0,0
151286,Mahaboobnagar,2023-05-31,0,0,0
151286,Mahaboobnagar,2023-04-30,0,0,16
151295,Mahaboobnagar,2024-09-30,400,10,16
151295,Mahaboobnagar,2024-08-31,0,0,31
151295,Mahaboobnagar,2024-07-31,0,0,31
151295,Mahaboobnagar,2024-06-30,0,0,30
151295,Mahaboobnagar,2024-05-31,0,0,24
151295,Mahaboobnagar,2024-04-30,0,0,20
151295,Mahaboobnagar,2024-03-31,8496,264,1
151295,Mahaboobnagar,2024-02-29,7916,253,3
151295,Mahaboobnagar,2024-01-31,9468,296,0
151295,Mahaboobnagar,2023-12-31,8272,257,0
151295,Mahaboobnagar,2023-11-30,8980,277,0
151295,Mahaboobnagar,2023-10-31,8514,268,1
151295,Mahaboobnagar,2023-09-30,7976,246,0
151295,Mahaboobnagar,2023-08-31,6260,199,0
151295,Mahaboobnagar,2023-07-31,7800,262,0
151295,Mahaboobnagar,2023-06-30,8066,261,3
151295,Mahaboobnagar,2023-05-31,8266,274,0
151295,Mahaboobnagar,2023-04-30,7620,256,0
151307,Mahaboobnagar,2024-09-30,7180,351,0
151307,Mahaboobnagar,2024-08-31,8022,396,2
151307,Mahaboobnagar,2024-07-31,3784,175,1
151307,Mahaboobnagar,2024-06-30,6422,339,0
151307,Mahaboobnagar,2024-05-31,7452,339,0
151307,Mahaboobnagar,2024-04-30,6236,269,2
151307,Mahaboobnagar,2024-03-31,5880,261,0
151307,Mahaboobnagar,2024-02-29,6270,259,1
151307,Mahaboobnagar,2024-01-31,6590,300,1
151307,Mahaboobnagar,2023-12-31,5560,281,2
151307,Mahaboobnagar,2023-11-30,5790,272,1
151307,Mahaboobnagar,2023-10-31,5155,254,0
151307,Mahaboobnagar,2023-09-30,5155,258,0
151307,Mahaboobnagar,2023-08-31,6560,315,0
151307,Mahaboobnagar,2023-07-31,6037,301,0
151307,Mahaboobnagar,2023-06-30,6534,296,0
151307,Mahaboobnagar,2023-05-31,7372,317,0
151307,Mahaboobnagar,2023-04-30,6030,298,0
151316,Mahaboobnagar,2024-09-30,5248,144,5
151316,Mahaboobnagar,2024-08-31,4448,123,14
151316,Mahaboobnagar,2024-07-31,8992,236,1
151316,Mahaboobnagar,2024-06-30,8616,233,1
151316,Mahaboobnagar,2024-05-31,8796,255,2
151316,Mahaboobnagar,2024-04-30,9322,268,2
151316,Mahaboobnagar,2024-03-31,9858,303,0
151316,Mahaboobnagar,2024-02-29,7532,217,1
151316,Mahaboobnagar,2024-01-31,9402,288,2
151316,Mahaboobnagar,2023-12-31,8976,255,0
151316,Mahaboobnagar,2023-11-30,9562,272,0
151316,Mahaboobnagar,2023-10-31,7523,238,1
151316,Mahaboobnagar,2023-09-30,8132,281,0
151316,Mahaboobnagar,2023-08-31,7816,259,0
151316,Mahaboobnagar,2023-07-31,6620,247,0
151316,Mahaboobnagar,2023-06-30,8260,257,0
151316,Mahaboobnagar,2023-05-31,8132,269,0
151316,Mahaboobnagar,2023-04-30,7620,239,0
151332,Mahaboobnagar,2024-09-30,9064,263,1
151332,Mahaboobnagar,2024-08-31,8110,240,2
151332,Mahaboobnagar,2024-07-31,8118,242,1
151332,Mahaboobnagar,2024-06-30,8734,251,1
151332,Mahaboobnagar,2024-05-31,7944,253,0
151332,Mahaboobnagar,2024-04-30,7666,250,1
151332,Mahaboobnagar,2024-03-31,7688,241,0
151332,Mahaboobnagar,2024-02-29,6800,214,0
151332,Mahaboobnagar,2024-01-31,8454,265,0
151332,Mahaboobnagar,2023-12-31,7236,232,1
151332,Mahaboobnagar,2023-11-30,6860,222,0
151332,Mahaboobnagar,2023-10-31,6322,216,0
151332,Mahaboobnagar,2023-09-30,6946,215,0
151332,Mahaboobnagar,2023-08-31,7081,222,0
151332,Mahaboobnagar,2023-07-31,6258,199,0
151332,Mahaboobnagar,2023-06-30,5568,177,0
151332,Mahaboobnagar,2023-05-31,7142,223,0
151332,Mahaboobnagar,2023-04-30,7122,224,0
151333,Mahaboobnagar,2024-09-30,6710,350,4
151333,Mahaboobnagar,2024-08-31,5872,304,3
151333,Mahaboobnagar,2024-07-31,5372,306,3
151333,Mahaboobnagar,2024-06-30,6512,347,0
151333,Mahaboobnagar,2024-05-31,6512,324,2
151333,Mahaboobnagar,2024-04-30,5256,259,4
151333,Mahaboobnagar,2024-03-31,5360,259,5
151333,Mahaboobnagar,2024-02-29,4746,208,0
151333,Mahaboobnagar,2024-01-31,5560,286,2
151333,Mahaboobnagar,2023-12-31,6048,289,0
151333,Mahaboobnagar,2023-11-30,5581,281,1
151333,Mahaboobnagar,2023-10-31,4755,247,0
151333,Mahaboobnagar,2023-09-30,5512,248,0
151333,Mahaboobnagar,2023-08-31,6244,299,0
151333,Mahaboobnagar,2023-07-31,5848,267,1
151333,Mahaboobnagar,2023-06-30,5076,230,0
151333,Mahaboobnagar,2023-05-31,6042,287,0
151333,Mahaboobnagar,2023-04-30,5289,264,0
151334,Mahaboobnagar,2024-09-30,9358,288,1
151334,Mahaboobnagar,2024-08-31,10440,330,1
151334,Mahaboobnagar,2024-07-31,10788,334,2
151334,Mahaboobnagar,2024-06-30,9896,316,1
151334,Mahaboobnagar,2024-05-31,10900,352,1
151334,Mahaboobnagar,2024-04-30,4280,137,19
151334,Mahaboobnagar,2024-03-31,10020,318,2
151334,Mahaboobnagar,2024-02-29,10244,315,1
151334,Mahaboobnagar,2024-01-31,9724,324,0
151334,Mahaboobnagar,2023-12-31,9606,309,3
151334,Mahaboobnagar,2023-11-30,600,22,1
151334,Mahaboobnagar,2023-10-31,0,0,1
151334,Mahaboobnagar,2023-09-30,1924,69,5
151334,Mahaboobnagar,2023-08-31,9496,317,0
151334,Mahaboobnagar,2023-07-31,10890,347,0
151334,Mahaboobnagar,2023-06-30,8109,262,0
151334,Mahaboobnagar,2023-05-31,9698,311,0
151334,Mahaboobnagar,2023-04-30,9450,297,0
151495,Mahaboobnagar,2024-09-30,5922,294,4
151495,Mahaboobnagar,2024-08-31,5971,261,2
151495,Mahaboobnagar,2024-07-31,6854,265,0
151495,Mahaboobnagar,2024-06-30,3801,149,11
151495,Mahaboobnagar,2024-05-31,0,0,15
151495,Mahaboobnagar,2024-04-30,0,0,0
151495,Mahaboobnagar,2024-03-31,0,0,0
151495,Mahaboobnagar,2024-02-29,0,0,0
151495,Mahaboobnagar,2024-01-31,0,0,0
151495,Mahaboobnagar,2023-12-31,0,0,0
151495,Mahaboobnagar,2023-11-30,0,0,0
151495,Mahaboobnagar,2023-10-31,0,0,0
151495,Mahaboobnagar,2023-09-30,0,0,0
151495,Mahaboobnagar,2023-08-31,0,0,0
151495,Mahaboobnagar,2023-07-31,0,0,0
151495,Mahaboobnagar,2023-06-30,0,0,0
151495,Mahaboobnagar,2023-05-31,0,0,0
151495,Mahaboobnagar,2023-04-30,0,0,0
151520,Mahaboobnagar,2024-09-30,8932,257,2
151520,Mahaboobnagar,2024-08-31,9988,309,0
151520,Mahaboobnagar,2024-07-31,9992,299,1
151520,Mahaboobnagar,2024-06-30,10216,300,2
151520,Mahaboobnagar,2024-05-31,9768,305,0
151520,Mahaboobnagar,2024-04-30,8732,258,2
151520,Mahaboobnagar,2024-03-31,10544,330,1
151520,Mahaboobnagar,2024-02-29,8224,251,1
151520,Mahaboobnagar,2024-01-31,11320,353,1
151520,Mahaboobnagar,2023-12-31,9960,290,3
151520,Mahaboobnagar,2023-11-30,11244,330,0
151520,Mahaboobnagar,2023-10-31,9120,293,0
151520,Mahaboobnagar,2023-09-30,9571,319,0
151520,Mahaboobnagar,2023-08-31,9795,337,0
151520,Mahaboobnagar,2023-07-31,9096,304,0
151520,Mahaboobnagar,2023-06-30,6518,200,7
151520,Mahaboobnagar,2023-05-31,11740,364,0
151520,Mahaboobnagar,2023-04-30,8896,323,0
151527,Mahaboobnagar,2024-09-30,6420,238,11
151527,Mahaboobnagar,2024-08-31,10420,373,2
151527,Mahaboobnagar,2024-07-31,10644,385,2
151527,Mahaboobnagar,2024-06-30,9824,345,5
151527,Mahaboobnagar,2024-05-31,9824,376,0
151527,Mahaboobnagar,2024-04-30,8800,330,5
151527,Mahaboobnagar,2024-03-31,10810,389,2
151527,Mahaboobnagar,2024-02-29,9224,336,2
151527,Mahaboobnagar,2024-01-31,10400,371,1
151527,Mahaboobnagar,2023-12-31,7390,259,3
151527,Mahaboobnagar,2023-11-30,0,0,0
151527,Mahaboobnagar,2023-10-31,0,0,0
151527,Mahaboobnagar,2023-09-30,0,0,0
151527,Mahaboobnagar,2023-08-31,0,0,0
151527,Mahaboobnagar,2023-07-31,0,0,0
151527,Mahaboobnagar,2023-06-30,0,0,0
151527,Mahaboobnagar,2023-05-31,0,0,0
151527,Mahaboobnagar,2023-04-30,0,0,0
151534,Mahaboobnagar,2024-09-30,8420,298,3
151534,Mahaboobnagar,2024-08-31,8896,291,0
151534,Mahaboobnagar,2024-07-31,9424,328,1
151534,Mahaboobnagar,2024-06-30,8400,311,2
151534,Mahaboobnagar,2024-05-31,2200,92,0
151534,Mahaboobnagar,2024-04-30,0,0,0
151534,Mahaboobnagar,2024-03-31,0,0,0
151534,Mahaboobnagar,2024-02-29,0,0,0
151534,Mahaboobnagar,2024-01-31,0,0,1
151534,Mahaboobnagar,2023-12-31,0,0,2
