employee_id,age,depot,absent_days,tot_opd_kms,hours,tot_schedules,palle_schedules,suplux_schedules,express_schedules,cityord_schedules,metroexp_schedules,day_schedules,night_schedules,bus_age_0to5,bus_age_5to10,bus_age_above10,bus_kms_0to5l,bus_kms_5to10l,bus_kms_above10l,creatinine_value,creatinine_interpret,blood_pressure_systolic,blood_pressure_diastolic,blood_pressure_interpret,hemoglobin_value,hemoglobin_interpret,glucose_random_value,glucose_interpret,bilirubin_value,bilirubin_interpret,total_cholestrol,cholestrol_interpret,final_grading,PERF,ECG_interpret,BMI,alcohol,smoke,tobacco
204342,55,Falaknuma,12,62909,3284,235,0,0,0,231.5,2,235,0,0,5,227,10.5,5.5,216,1,Normal,149,149,"Stage-1 Hypertension",14.8,Normal,155,Prediabetes,1,Normal,175,Normal,C,NULL,"Within Normal Limits",NULL,0,0,0
218060,50,Falaknuma,7,106304,2000,263.5,0,0,0,8.5,1,8,255.5,0,8,211,11.5,4.5,203,0.9,Normal,126,126,Normal,14.4,Normal,93,Normal,1,Normal,150,Normal,A,300,"Within Normal Limits",31,0,0,0
219489,52,Falaknuma,11,97717,3453,269.5,0,0,0,13,3.5,263,6.5,0,172,51.5,45.5,15,163,1.06,Normal,118,118,Normal,16,Normal,142,Prediabetes,0.4,Normal,233,Borderline,C,250,"ST SEGMENT ELEVATION",23,0,1,0
219875,42,Falaknuma,8,2924,133,19,0,0,2.5,14,1.5,11.5,7.5,0,2,13.5,9.5,2.5,3.5,1.2,"High Creatinine",140,140,Elevated,13.8,Normal,101,Normal,2.9,"High Bilirubin",169,Normal,D,280,"Within Normal Limits",29,0,0,0
219931,43,Falaknuma,12,43758,2420,170,0,0,2,71,81,158.5,11.5,0,12.5,118,76.5,19.5,34.5,0.8,Normal,146,146,"Stage-1 Hypertension",14,Normal,121,Normal,2,"High Bilirubin",193,Normal,C,520,TACHYCARDIA,28,0,0,0
253228,59,Falaknuma,9,64663,3347,238.5,0,0,0,234.5,0.5,238,0.5,0,3,233,114,115,7,0.9,Normal,117,117,Normal,14.5,Normal,111,Normal,0.4,Normal,179,Normal,A,280,"Within Normal Limits",24,0,0,0
211582,53,Falaknuma,11,105218,4071,314,0,0,1.5,115.5,24.5,311,3,0,150.5,147.5,103,41,154,0.8,Normal,127,127,Normal,12.9,"Borderline Low",136,Normal,0.84,Normal,165,Normal,C,300,"Poor R Wave progression",24,0,0,0
209480,56,Falaknuma,11,67989,3445,249,0,0,1,245.5,2.5,247,2,0,151,58.5,184.5,9,16,1,Normal,127,127,Normal,11.3,"Borderline Low",143,Prediabetes,0.96,Normal,185,Normal,C,340,"Within Normal Limits",26,0,0,0
211508,54,Falaknuma,7,65954,1726,242,0,0,0,239,1,1,241,0,2.5,162.5,19,142,4,0.9,Normal,113,113,Normal,14.5,Normal,114,Normal,0.9,Normal,169,Normal,A,250,"Within Normal Limits",24,0,1,0
153425,45,Falaknuma,6,43277,1716,122.5,0,0,4,43,11.5,82,40.5,0,37,47,35,8,41,1,Normal,163,163,"Stage-2 Hypertension",12.4,"Borderline Low",163,Prediabetes,0.5,Normal,201,Borderline,D,410,"Within Normal Limits",31,1,0,0
221526,42,Falaknuma,4,0,0,0,0,0,0,0,0,0,0,0,0,0,0,0,0,0.9,Normal,139,139,Elevated,16.3,Normal,98,Normal,1,Normal,188,Normal,B,NULL,"Within Normal Limits",NULL,0,0,0
213550,51,Falaknuma,10,69378,2723,227,0,0,0,3,221.5,226,1,0,209.5,9.5,7,208.5,3.5,1,Normal,140,140,Elevated,12.3,"Borderline Low",95,Normal,1,Normal,185,Normal,C,525,"Within Normal Limits",32,0,1,0
222310,29,Falaknuma,0,1636,58,5.5,0,0,0,1.5,4,3.5,2,0,1,4,2,1.5,1.5,NULL,NULL,NULL,NULL,NULL,NULL,NULL,NULL,NULL,NULL,NULL,NULL,NULL,NULL,NULL,NULL,NULL,0,0,0
218245,41,Falaknuma,5,12009,499,37.5,0,0,0,25,5.5,33.5,4,0,12,23,10,7,18,0.9,Normal,178,178,"Stage-2 Hypertension",15.3,Normal,87,Normal,1.1,Normal,169,Normal,D,NULL,"Within Normal Limits",NULL,0,0,0
274032,44,Falaknuma,12,78870,3168,256,0,0,2,34,216,253,3,0,193.5,52.5,180,37.5,28.5,1,Normal,142,142,"Stage-1 Hypertension",14.8,Normal,136,Normal,0.9,Normal,177,Normal,C,260,"Within Normal Limits",28,1,0,0
152865,51,Falaknuma,12,54403,2836,161,0,0,2.5,122,22,141.5,19.5,0,37.5,105,45,50.5,47,0.98,Normal,127,127,Normal,14.5,Normal,133,Normal,1,Normal,154,Normal,A,450,"Within Normal Limits",18,0,0,0
215458,49,Falaknuma,7,72213,3215,248.5,0,0,0,110.5,138,247.5,1,0,147.5,59,40.5,105,61,0.76,Normal,136,136,"Stage-1 Hypertension",14.3,Normal,151,Prediabetes,0.57,Normal,194,Normal,C,400,"Within Normal Limits",24,1,0,1
214822,49,Falaknuma,7,71130,4241,241.5,0,0,0,173.5,3.5,74.5,167,0,81,92.5,79.5,8.5,85.5,0.97,Normal,145,145,"Stage-1 Hypertension",15.2,Normal,104,Normal,0.48,Normal,179,Normal,C,370,"Tall T waves",19,0,0,0
219689,42,Falaknuma,7,81094,2426,266,0,0,4.5,34,219.5,45,221,0,167,33,143.5,40,16.5,1.25,"High Creatinine",128,128,Normal,15.9,Normal,126,Normal,0.9,Normal,195,Normal,C,NULL,"Within Normal Limits",NULL,0,0,0
219917,46,Falaknuma,10,64672,2349,185.5,0,0,2,78.5,12.5,161,24.5,0,25,103.5,41.5,19,68,0.9,Normal,160,160,"Stage-1 Hypertension",15.4,Normal,182,Prediabetes,1.1,Normal,179,Normal,C,150,"Within Normal Limits",25,0,0,1
217227,49,Falaknuma,1,4292,199,14,0,0,0,7.5,6.5,14,0,0,4.5,8.5,3.5,3.5,6,0.9,Normal,136,136,Elevated,15.1,Normal,135,Normal,1.1,Normal,175,Normal,B,NULL,"Within Normal Limits",NULL,0,0,0
209406,52,Falaknuma,9,76359,3141,261.5,0,0,0,3,257.5,261.5,0,0,2,259.5,12,3,246.5,1,Normal,109,109,Normal,13.6,Normal,136,Normal,1.2,Normal,189,Normal,A,274,"Within Normal Limits",25,0,0,0
218232,47,Falaknuma,12,50175,2493,179,0,0,0,175.5,3.5,178,1,0,16,162,59,6.5,112.5,1.1,Normal,130,130,Normal,14.2,Normal,104,Normal,1.4,"High Bilirubin",189,Normal,C,250,"Within Normal Limits",28,0,0,0
220234,44,Falaknuma,10,61271,3187,218,0,0,0.5,34,178,203,15,0,18.5,194.5,26,15,172,0.78,Normal,123,123,Normal,14.8,Normal,101,Normal,1,Normal,157,Normal,A,310,"Within Normal Limits",26,0,0,0
208030,58,Falaknuma,12,81796,3177,262.5,0,0,0,262,0.5,262.5,0,0,74.5,146.5,94,11.5,115.5,0.8,Normal,90,90,Normal,15.8,Normal,102,Normal,0.9,Normal,198,Normal,A,NULL,"Within Normal Limits",NULL,0,0,0
212186,52,Falaknuma,10,69434,3479,247.5,0,0,0,243.5,3.5,246,1.5,0,10,215,192.5,14,18.5,0.8,Normal,140,140,Elevated,14.5,Normal,112,Normal,1,Normal,152,Normal,B,200,"Within Normal Limits",26,0,0,0
274035,49,Falaknuma,9,64489,2796,218.5,0,0,0,117.5,100.5,218,0.5,0,46.5,164,138,44.5,28,0.9,Normal,153,153,"Stage-1 Hypertension",14.9,Normal,145,Prediabetes,0.8,Normal,162,Normal,C,470,"Incomplete LBBB",31,0,0,0
209708,53,Falaknuma,11,73389,3321,228,1,0,3.5,207,15,209.5,18.5,0,28.5,195,11,23,189.5,0.8,Normal,162,162,"Stage-2 Hypertension",13.5,Normal,104,Normal,1,Normal,135,Normal,D,280,"Within Normal Limits",32,0,0,0
210918,55,Falaknuma,7,69157,3531,252.5,0,0,0,250.5,2,236,0,0,4.5,247.5,6.5,239,6.5,1.2,"High Creatinine",163,163,"Stage-2 Hypertension",12.9,"Borderline Low",121,Normal,1.9,"High Bilirubin",230,Borderline,D,450,"Within Normal Limits",23,0,0,0
219470,48,Falaknuma,3,46193,2313,148,0,0,2,70.5,75.5,123,25,0,83.5,56.5,20.5,53,66.5,0.9,Normal,138,138,Elevated,11.2,"Borderline Low",140,Normal,1,Normal,154,Normal,C,NULL,"LAH MONITOR BP",NULL,0,0,0
220227,48,Falaknuma,11,67982,3236,230,0,0,1,16,209.5,222,8,0,14,214,11,6.5,210.5,1.5,"High Creatinine",115,115,Normal,10,"Borderline Low",129,Normal,0.41,Normal,234,Borderline,C,350,"Within Normal Limits",29,0,0,0
220572,53,Falaknuma,10,72217,4628,241,0,0,1,237,3,38.5,202.5,0,22.5,214.5,164.5,28,44.5,0.9,Normal,137,137,Elevated,10.2,"Borderline Low",120,Normal,1.2,Normal,179,Normal,C,283,"Within Normal Limits",25,0,0,0
212185,44,Falaknuma,10,108836,3794,295,0,0,1,89,8,243,52,0,69,210,131,35.5,112.5,0.85,Normal,138,138,Elevated,14.6,Normal,103,Normal,0.98,Normal,169,Normal,C,300,"Incomplete LBBB",24,1,0,0
214476,47,Falaknuma,8,51449,3747,189,0,0,1,187.5,0.5,5.5,183.5,0,134.5,30.5,143.5,8,13.5,1.03,Normal,125,125,Normal,15,Normal,127,Normal,1.3,"High Bilirubin",177,Normal,C,390,"Poor R Wave Progression",26,0,1,0
214479,47,Falaknuma,10,82025,3224,268.5,0,0,0,6.5,262,268.5,0,0,172.5,28.5,19.5,112,69.5,1,Normal,168,168,"Stage-2 Hypertension",14,Normal,89,Normal,0.65,Normal,154,Normal,D,360,"LEFT AXIS DEVIATION",31,0,0,0
152848,45,Falaknuma,6,66949,2994,189.5,1,0,5.5,128,36.5,127.5,62,0,48.5,124,60.5,34.5,77.5,1,Normal,137,137,Elevated,14.1,Normal,120,Normal,0.54,Normal,185,Normal,B,500,"Within Normal Limits",21,1,1,0
204275,58,Falaknuma,11,44068,2253,162.5,0,0,0,161.5,1,162.5,0,0,1.5,159,5,3,152.5,0.8,Normal,125,125,Normal,11.3,"Borderline Low",79,Normal,1.12,Normal,169,Normal,C,220,"Within Normal Limits",23,1,1,1
208069,55,Falaknuma,11,65027,2715,207,0,0,0,177.5,21.5,207,0,0,107.5,82,26.5,34.5,128.5,1,Normal,122,122,Normal,12.6,"Borderline Low",92,Normal,1.2,Normal,196,Normal,C,NULL,"LOW VOLTAGE QRS",NULL,0,0,0
221113,39,Falaknuma,11,86840,2305,228.5,0,0,3.5,42.5,12.5,215,13.5,0,32,167,29,16,154,NULL,NULL,NULL,NULL,NULL,NULL,NULL,NULL,NULL,NULL,NULL,NULL,NULL,NULL,200,NULL,17,0,0,0
238627,49,Falaknuma,9,16497,871,54.5,0,0,0,24,30.5,43.5,11,0,19.5,31.5,15.5,20.5,15,NULL,NULL,NULL,NULL,NULL,NULL,NULL,NULL,NULL,NULL,NULL,NULL,NULL,NULL,NULL,NULL,NULL,0,0,0
215445,51,Falaknuma,8,75332,1840,245,0,0,1,239.5,2.5,4,241,0,18,222,12.5,202,25.5,0.7,Normal,111,111,Normal,14.3,Normal,104,Normal,0.4,Normal,216,Borderline,C,290,"Within Normal Limits",23,1,0,0
215652,43,Falaknuma,12,44740,2008,144.5,0,0,0,99.5,36,131,13.5,0,56.5,76,35.5,30,67,0.9,Normal,129,129,Normal,14.3,Normal,120,Normal,1.1,Normal,169,Normal,A,NULL,"Within Normal Limits",NULL,0,0,0
205967,58,Falaknuma,11,35380,1777,128.5,0,0,0,115.5,10,128.5,0,0,12,108,21,75,24,0.9,Normal,142,142,"Stage-1 Hypertension",14,Normal,169,Prediabetes,0.5,Normal,180,Normal,C,200,"Within Normal Limits",29,1,0,0
207964,56,Falaknuma,11,87520,3383,281.5,0,0,0,278,2.5,275,6.5,0,24,252.5,152,82.5,42,0.8,Normal,121,121,Normal,13,Normal,148,Prediabetes,0.9,Normal,178,Normal,C,310,"Within Normal Limits",32,0,0,1
211755,53,Falaknuma,5,91918,2393,230,0,0,0,13.5,2,230,0,0,51.5,171,55,53.5,114,0.9,Normal,134,134,Elevated,12.3,"Borderline Low",89,Normal,1,Normal,152,Normal,C,390,"Within Normal Limits",27,0,0,0
219678,45,Falaknuma,9,71690,3755,268.5,1,0,1,259.5,4,255,13.5,0,22.5,234.5,12,22.5,222.5,1,Normal,132,132,Elevated,14.8,Normal,86,Normal,2.5,"High Bilirubin",178,Normal,D,260,"Within Normal Limits",24,1,0,0
221024,47,Falaknuma,0,924,61,3,0,0,0,2,1,2,1,0,1,2,0.5,1,1.5,NULL,NULL,NULL,NULL,NULL,NULL,NULL,NULL,NULL,NULL,NULL,NULL,NULL,NULL,NULL,NULL,NULL,0,0,0
214440,50,Falaknuma,9,54579,2597,186,0,0,1,158,21.5,181,5,0,33.5,138,39,86,46.5,NULL,NULL,NULL,NULL,NULL,NULL,NULL,NULL,NULL,NULL,NULL,NULL,NULL,NULL,NULL,NULL,NULL,0,0,0
217442,53,Falaknuma,12,65392,2967,211,0,0,0,109.5,75.5,200,11,0,54,131,60,51.5,73.5,1.05,Normal,120,120,Normal,12,"Borderline Low",128,Normal,0.4,Normal,217,Borderline,C,350,"LOW VOLTAGE QRS",27,1,0,0
218212,52,Falaknuma,10,65630,4464,214.5,0,0,1,212,1.5,6.5,208,0,116.5,96,20,65.5,127,0.94,Normal,147,147,"Stage-1 Hypertension",13.9,Normal,131,Normal,1.2,Normal,208,Borderline,C,290,"Within Normal Limits",30,1,0,0
238557,41,Falaknuma,12,91321,3858,283,0,0,10.5,190,25,246.5,36.5,0,61.5,161,55.5,87,80,1.11,Normal,145,145,"Stage-1 Hypertension",15.9,Normal,124,Normal,1,Normal,229,Borderline,C,200,"Minor ST T Abnormalities",26,1,1,0
208168,56,Falaknuma,9,91945,5595,255.5,0,0,0,0.5,1,1.5,254,0,4,251.5,5.5,2,248,1,Normal,135,135,Elevated,14.3,Normal,163,Prediabetes,1.1,Normal,176,Normal,C,200,"Within Normal Limits",22,0,0,0
219480,51,Falaknuma,7,77893,2903,221,0,0,1,52.5,6.5,219.5,1.5,0,88,86,43.5,23.5,107,NULL,NULL,NULL,NULL,NULL,NULL,NULL,NULL,NULL,NULL,NULL,NULL,NULL,NULL,470,NULL,28,0,0,0
219898,43,Falaknuma,10,58137,3212,212,0,0,0,128,60.5,194,18,0,57.5,96,49,44.5,60,0.8,Normal,144,144,"Stage-1 Hypertension",13.2,Normal,132,Normal,0.7,Normal,170,Normal,C,200,"Within Normal Limits",26,0,0,0
219985,48,Falaknuma,11,122845,4538,341.5,0,0,4,83.5,3,326.5,15,0,211.5,120.5,131,45,156,1,Normal,163,163,"Stage-2 Hypertension",14,Normal,73,Normal,0.9,Normal,169,Normal,D,400,"Within Normal Limits",37,1,0,0
219753,45,Falaknuma,11,60743,3118,219.5,1,0,1,147.5,56.5,215,4.5,0,45.5,154,51,97,51.5,1.07,Normal,136,136,Elevated,15.6,Normal,123,Normal,0.5,Normal,224,Borderline,C,NULL,"Within Normal Limits",NULL,0,0,0
211886,47,Falaknuma,7,105214,2436,281.5,0,0,7,64.5,18.5,243.5,38,0,54.5,207.5,27,28,207,1.32,"High Creatinine",138,138,Elevated,14.3,Normal,130,Normal,0.5,Normal,198,Normal,C,250,"Within Normal Limits",30,0,1,0
221571,50,Falaknuma,9,65205,2327,166,0,0,7,67,25,91,75,0,55.5,85,30.5,23,87,1,Normal,152,152,"Stage-1 Hypertension",14.2,Normal,113,Normal,1.21,"High Bilirubin",185,Normal,C,300,"St Abnormalities T Negative",30,0,0,0
219569,48,Falaknuma,4,31456,1704,105,0,0,1,73,28.5,81.5,23.5,0,38.5,59.5,26,25.5,46.5,0.9,Normal,133,133,Elevated,14.2,Normal,112,Normal,1.6,"High Bilirubin",198,Normal,C,NULL,"Within Normal Limits",NULL,0,0,0
153520,44,Falaknuma,0,2185,94,7,0,0,0,7,0,0,7,0,3,3,2,0,4,NULL,NULL,NULL,NULL,NULL,NULL,NULL,NULL,NULL,NULL,NULL,NULL,NULL,NULL,NULL,NULL,NULL,0,0,0
237831,44,Falaknuma,11,71812,3469,242,0,0,6.5,219,15.5,219,23,0,37.5,196.5,91.5,15.5,127,1.1,Normal,135,135,Elevated,13.1,Normal,130,Normal,0.9,Normal,231,Borderline,C,300,"Within Normal Limits",24,1,0,0
214797,52,Falaknuma,12,57624,3131,224,0,0,1,220.5,1,223,1,0,15,109,13,8,103,0.9,Normal,124,124,Normal,14.2,Normal,127,Normal,1,Normal,185,Normal,A,360,"Within Normal Limits",34,0,0,0
220148,44,Falaknuma,12,62887,3152,223,0,0,0,15.5,206.5,218.5,4.5,0,181,37.5,16.5,179.5,22.5,1.1,Normal,111,111,Normal,14.6,Normal,105,Normal,0.8,Normal,179,Normal,A,200,"Within Normal Limits",20,0,0,0
208002,58,Falaknuma,5,111643,1975,267,0,0,0,26.5,1.5,28.5,238.5,0,5.5,260,31.5,24.5,209.5,0.87,Normal,153,153,"Stage-1 Hypertension",14.6,Normal,122,Normal,1.2,Normal,235,Borderline,C,250,"ST SEGMENT ELEVATION",29,0,1,0
213554,54,Falaknuma,10,120892,3850,324,0,0,5,59.5,9,315,9,0,68.5,227.5,66,21,209,0.9,Normal,142,142,"Stage-1 Hypertension",13.8,Normal,92,Normal,1,Normal,169,Normal,C,320,"Within Normal Limits",29,0,0,0
238260,40,Falaknuma,8,70159,3995,243,0,0,0,170,40,198,45,0,48.5,151,80,47,72.5,1,Normal,103,103,Normal,14.1,Normal,101,Normal,1.9,"High Bilirubin",185,Normal,C,260,"Within Normal Limits",25,0,0,0
217377,43,Falaknuma,12,52461,6204,190.5,0,0,0,178,11,190.5,0,0,7.5,153,25.5,116,19,1,Normal,145,145,"Stage-1 Hypertension",15.9,Normal,104,Normal,0.8,Normal,182,Normal,C,NULL,"SINUS TACHYCARDIA",NULL,0,0,0
219757,46,Falaknuma,9,70074,3330,237.5,0,0,0.5,211,11,202,35.5,0,26.5,197.5,148,31,45,0.98,Normal,116,116,Normal,14.2,Normal,153,Prediabetes,1,Normal,154,Normal,C,310,"Within Normal Limits",27,0,0,0
238370,43,Falaknuma,10,71553,7907,241,0,0,0,30,209.5,240,1,0,25.5,211,176.5,29.5,30.5,1,Normal,178,178,"Stage-2 Hypertension",14.5,Normal,98,Normal,1.9,"High Bilirubin",197,Normal,D,200,"Within Normal Limits",26,0,0,0
212046,50,Falaknuma,10,77919,3247,231,0,0,0,63,28.5,227.5,3.5,0,135,78.5,69,20.5,124,0.86,Normal,142,142,"Stage-1 Hypertension",11.9,"Borderline Low",146,Prediabetes,0.8,Normal,189,Normal,C,382,"Within Normal Limits",21,0,0,0
219600,52,Falaknuma,12,12975,705,40.5,0,0,0,22.5,18,39.5,1,0,13.5,26,12.5,14,13,1.37,"High Creatinine",135,135,Elevated,14,Normal,147,Prediabetes,0.5,Normal,208,Borderline,C,250,"Minor ST T Abnormalities",31,1,0,0
221056,49,Falaknuma,7,100113,4231,293,0,0,4.5,168.5,39.5,224.5,68.5,0,84,187,106.5,40.5,124,1.42,"High Creatinine",140,140,Elevated,15.3,Normal,139,Normal,1,Normal,208,Borderline,C,260,"Within Normal Limits",24,0,0,0
221046,42,Falaknuma,11,55658,3012,216.5,0,0,0,210,4.5,214.5,2,0,4,211,205,4,6,0.9,Normal,130,130,Normal,14.3,Normal,108,Normal,0.8,Normal,165,Normal,A,200,"Within Normal Limits",25,0,1,0
238384,38,Falaknuma,12,74639,4909,230,0,0,2,200.5,16,204,26,0,35.5,186,117,27,77.5,0.9,Normal,127,127,Normal,14.7,Normal,135,Normal,1.6,"High Bilirubin",196,Normal,C,400,"Within Normal Limits",30,1,0,0
238449,42,Falaknuma,10,90293,4263,249.5,2,0,2.5,166,39.5,127,122.5,0,73,160.5,73,73.5,87,0.9,Normal,133,133,Elevated,13.9,Normal,85,Normal,1,Normal,214,Borderline,C,250,"Within Normal Limits",34,1,0,0
238255,40,Falaknuma,7,85500,4087,304.5,0,0,1,263,19.5,289,15.5,0,31,200,151.5,33.5,46,0.9,Normal,137,137,Elevated,16.9,Normal,159,Prediabetes,1,Normal,169,Normal,C,NULL,"LOW VOLTAGE QRS",NULL,0,0,0
152653,50,Falaknuma,10,72267,3685,223.5,1,0,3,141,63.5,137,86.5,0,58.5,146.5,81.5,63.5,60,1.41,"High Creatinine",150,150,"Stage-1 Hypertension",15.9,Normal,123,Normal,1.3,"High Bilirubin",199,Normal,C,NULL,"Within Normal Limits",NULL,0,0,0
208119,57,Falaknuma,6,28995,1116,202.5,0,0,7,149,34.5,169.5,33,0,14,158,82,9.5,80.5,0.76,Normal,131,131,Elevated,14.5,Normal,76,Normal,0.7,Normal,248,Borderline,C,250,"LOW VOLTAGE QRS",30,1,0,0
217230,44,Falaknuma,8,72116,2834,238,0,0,0,10.5,225.5,235.5,2.5,0,60.5,171,11,53,167.5,1.19,"High Creatinine",135,135,Elevated,15.2,Normal,141,Prediabetes,0.6,Normal,200,Normal,C,300,"Within Normal Limits",27,1,1,1
219552,47,Falaknuma,8,64754,2957,212,0,0,1,5.5,204.5,211,1,0,8,198,196.5,6,3.5,1,Normal,134,134,Elevated,12.1,"Borderline Low",102,Normal,0.96,Normal,154,Normal,C,NULL,"T WAVE INVERSION IN LEAD 111",NULL,0,0,0
220494,47,Falaknuma,12,58182,3146,212,0,0,0,208,3.5,209.5,2.5,0,21,180.5,23.5,118.5,59.5,0.9,Normal,121,121,Normal,15.2,Normal,118,Normal,0.54,Normal,185,Normal,A,310,"Within Normal Limits",25,0,0,0
151219,54,Falaknuma,11,95568,4915,238,0,0,0,8,10.5,27,211,0,12,220.5,194,12.5,26,1,Normal,119,119,Normal,13.7,Normal,167,Prediabetes,1,Normal,217,Borderline,C,410,"LVH MONITOR BP",27,0,0,0
153401,44,Falaknuma,9,97391,3996,255,0,0,9.5,144.5,54,195.5,59.5,0,73,151.5,70,38.5,116,1,Normal,143,143,"Stage-1 Hypertension",14.5,Normal,152,Prediabetes,0.9,Normal,192,Normal,C,NULL,"Within Normal Limits",NULL,0,0,0
214812,49,Falaknuma,10,66440,4777,243,0,0,0.5,237.5,1.5,11.5,231.5,0,181,23,182.5,8,13.5,0.9,Normal,149,149,"Stage-1 Hypertension",14.2,Normal,105,Normal,1,Normal,181,Normal,C,210,"Incomplete LBBB",21,1,0,1
216548,55,Falaknuma,12,19050,775,53,0,0,1,26.5,15.5,47,6,0,17.5,26,10,13,20.5,NULL,NULL,NULL,NULL,NULL,NULL,NULL,NULL,NULL,NULL,NULL,NULL,NULL,NULL,NULL,NULL,NULL,0,0,0
220256,40,Falaknuma,10,65867,3308,224,0,0,1.5,212.5,6.5,208.5,15.5,0,117.5,66,155,11,17.5,1.1,Normal,107,107,Normal,14.58,Normal,156,Prediabetes,0.8,Normal,176,Normal,C,200,"Within Normal Limits",23,1,0,1
235422,47,Falaknuma,9,62648,3186,159.5,0,0,1,152.5,5.5,154.5,5,0,21,135.5,13,120,23.5,0.9,Normal,162,162,"Stage-2 Hypertension",13.5,Normal,132,Normal,0.68,Normal,183,Normal,D,250,"Within Normal Limits",30,0,0,0
211653,52,Falaknuma,9,67460,3364,239.5,0,0,0,237,1,238.5,1,0,4.5,233,228.5,4.5,4.5,0.9,Normal,124,124,Normal,12.7,"Borderline Low",160,Prediabetes,0.58,Normal,154,Normal,C,290,"Within Normal Limits",24,0,0,0
219919,47,Falaknuma,11,61707,2752,225,0,0,0,214.5,10,225,0,0,8.5,214.5,195,12,16,0.9,Normal,131,131,Elevated,14.3,Normal,73,Normal,1,Normal,154,Normal,B,250,"Within Normal Limits",27,1,0,0
220139,43,Falaknuma,11,77706,3504,253.5,0,0,2.5,13,236,249.5,4,0,214.5,34.5,16,210.5,22.5,0.9,Normal,112,112,Normal,14.9,Normal,103,Normal,1.9,"High Bilirubin",203,Borderline,C,260,"Within Normal Limits",24,1,0,0
153516,47,Falaknuma,9,100004,4759,293.5,0,0,1.5,141.5,71.5,38,255.5,0,95.5,185,138.5,63.5,78.5,1.02,Normal,131,131,Elevated,15.6,Normal,142,Prediabetes,0.4,Normal,211,Borderline,C,NULL,"Within Normal Limits",NULL,0,0,0
217448,51,Falaknuma,8,72868,2898,240,0,0,1,10.5,227.5,237,3,0,10.5,226,10,10,216.5,1,Normal,127,127,Normal,14.5,Normal,112,Normal,1.6,"High Bilirubin",189,Normal,C,200,"Within Normal Limits",27,0,1,1
220433,44,Falaknuma,11,72656,2881,236,0,0,0.5,7,228.5,232,4,0,208,22.5,11.5,10.5,208.5,1,Normal,116,116,Normal,15.4,Normal,77,Normal,1.2,Normal,154,Normal,A,260,"Within Normal Limits",24,1,0,0
217163,47,Falaknuma,5,137258,4494,369,0,0,1,12,7,361.5,7.5,0,39,321,290,27,43,1.1,Normal,128,128,Normal,14.5,Normal,121,Normal,0.7,Normal,175,Normal,A,400,"Within Normal Limits",28,1,0,1
214920,51,Falaknuma,11,58163,4379,221,0,0,0,221,0,6,215,0,166,28,172,6,16,1.15,Normal,166,166,"Stage-2 Hypertension",11.9,"Borderline Low",134,Normal,0.98,Normal,166,Normal,D,200,"Within Normal Limits",24,0,0,0
235828,49,Falaknuma,7,72637,3627,259.5,0,0,0,222.5,22,234.5,25,0,49,179,49,124.5,54.5,1,Normal,143,143,"Stage-1 Hypertension",14,Normal,116,Normal,0.65,Normal,158,Normal,C,300,"Within Normal Limits",32,0,0,0
209891,58,Falaknuma,12,51174,2974,191,0,0,1.5,150.5,36,189.5,1.5,0,22,140.5,50.5,32.5,79.5,1.08,Normal,150,150,"Stage-1 Hypertension",14,Normal,131,Normal,1.2,Normal,221,Borderline,C,200,"Within Normal Limits",28,0,0,0
220241,46,Falaknuma,9,19792,710,20,0,0,0,11,8,13,7,0,3.5,13.5,7,3,7,0.9,Normal,139,139,Elevated,14,Normal,86,Normal,1,Normal,158,Normal,B,360,"Within Normal Limits",29,0,0,0
321228,58,Falaknuma,12,63077,3628,220.5,1,0,2,143.5,73,218,2.5,0,65,138.5,78,78,47.5,0.9,Normal,127,127,Normal,13.9,Normal,133,Normal,1,Normal,182,Normal,C,200,"SYNUS BRADYCARDIA ADVICE 2 DECHO",23,0,0,1
219638,46,Falaknuma,12,71098,4812,233,0,0,0,227.5,5.5,12.5,220.5,0,11.5,219,201.5,12.5,16.5,0.9,Normal,144,144,"Stage-1 Hypertension",14.3,Normal,130,Normal,1.9,"High Bilirubin",193,Normal,C,300,"VPC NOTED ADVICED",28,0,0,0
218200,47,Falaknuma,9,119789,4331,303.5,1,0,4.5,83.5,12.5,98,205.5,0,60.5,218.5,87.5,52.5,139,0.8,Normal,127,127,Normal,14.4,Normal,99,Normal,1,Normal,168,Normal,A,250,"Within Normal Limits",26,0,0,0
235661,42,Falaknuma,11,57327,3083,218,0,0,0.5,213,4,216,2,0,110,106,22.5,10,183.5,0.9,Normal,120,120,Elevated,15.3,Normal,141,Prediabetes,1.2,Normal,154,Normal,C,460,"Within Normal Limits",23,1,0,1
213569,52,Falaknuma,7,75243,4888,247.5,0,0,0,246.5,1,11.5,236,0,32,210,146,10,86,0.9,Normal,142,142,"Stage-1 Hypertension",10.2,"Borderline Low",113,Normal,1.02,Normal,188,Normal,C,360,"Intraventricular Condution Defect",32,1,0,0
220573,52,Falaknuma,11,68254,3092,209,0,0,3,190.5,13,182,27,0,21,117,19.5,93.5,25,0.87,Normal,120,120,Normal,13.7,Normal,109,Normal,0.96,Normal,168,Normal,A,350,"Within Normal Limits",22,1,0,0
220865,43,Falaknuma,12,70990,4513,233.5,0,0,1,97.5,131,214.5,19,0,161,62,108.5,29.5,85,0.9,Normal,132,132,Elevated,14.9,Normal,136,Normal,1,Normal,154,Normal,B,250,"Within Normal Limits",26,0,0,0
800889,57,Falaknuma,12,60511,3070,220.5,0,0,1,211.5,7,217,3.5,0,17,200,10.5,186,20.5,1.31,"High Creatinine",140,140,Elevated,18,Normal,142,Prediabetes,0.4,Normal,204,Borderline,C,280,"LOW VOLTAGE QRS",25,0,1,0
151670,48,Falaknuma,9,66549,3693,185,0,0,1,8.5,0.5,36,149,0,5,172.5,22,5.5,150,0.74,Normal,122,122,Normal,15.2,Normal,124,Normal,0.8,Normal,183,Normal,A,280,"Within Normal Limits",25,1,1,0
220384,53,Falaknuma,8,83449,3095,236,0,0,1.5,45,14,211.5,24.5,0,108,57.5,26.5,22.5,116.5,1,Normal,118,118,Normal,14.5,Normal,136,Normal,1.9,"High Bilirubin",213,Borderline,C,290,"Within Normal Limits",29,0,0,0
208992,56,Falaknuma,9,59800,2966,215.5,0,0,0,200,1.5,214.5,1,0,3.5,210.5,199.5,5.5,9,1,Normal,147,147,"Stage-1 Hypertension",14.7,Normal,131,Normal,1.1,Normal,226,Borderline,C,NULL,"Intraventricular Condution Defect",NULL,0,0,0
214486,48,Falaknuma,11,79440,3129,256.5,0,0,3,28,219.5,251.5,5,0,200,53,32.5,198,22.5,1,Normal,139,139,Elevated,14.4,Normal,119,Normal,0.9,Normal,169,Normal,C,410,"LOW VOLTAGE QRS",26,0,0,0
220592,50,Falaknuma,11,43125,2184,140.5,0,0,3,81,51.5,117,23.5,0,48.5,73,40,41,40.5,0.9,Normal,127,127,Elevated,15.1,Normal,119,Normal,1.1,Normal,178,Normal,B,250,"Within Normal Limits",27,1,1,0
219778,44,Falaknuma,10,75130,3437,246,0,0,0.5,38,201.5,236.5,9.5,0,33.5,203,31,25.5,180,1,Normal,120,120,Normal,13.8,Normal,109,Normal,0.58,Normal,154,Normal,A,550,"Within Normal Limits",24,1,0,0
219853,52,Falaknuma,10,80386,3524,224,0,0,3,92,33,69.5,154.5,0,33,172,69,36,100,0.87,Normal,153,153,"Stage-1 Hypertension",12,"Borderline Low",144,Prediabetes,0.3,Normal,239,Borderline,C,300,"Within Normal Limits",24,0,0,0
238595,44,Falaknuma,12,30952,1628,101,0,0,1,47.5,48,82.5,18.5,0,31.5,55.5,29.5,33.5,24,0.9,Normal,134,134,Elevated,13.9,Normal,110,Normal,0.9,Normal,169,Normal,B,NULL,"Within Normal Limits",NULL,0,0,0
219487,51,Falaknuma,12,74541,4197,211,0,0,3,107.5,19.5,199.5,11.5,0,31.5,169.5,21.5,74,105.5,0.7,Normal,122,122,Normal,16,Normal,121,Normal,0.53,Normal,210,Borderline,C,NULL,"LOW VOLTAGE QRS",NULL,0,0,0
212083,54,Falaknuma,9,76964,3700,274,0,0,0,193.5,51.5,270,4,0,53.5,169,56.5,79,87,0.75,Normal,132,132,Elevated,12.6,"Borderline Low",143,Prediabetes,0.6,Normal,244,Borderline,C,400,"Minor ST T Abnormalities",23,0,0,0
214470,49,Falaknuma,12,75366,2980,245,0,0,0,39.5,187.5,244,1,0,50.5,189.5,168.5,44.5,27,0.8,Normal,138,138,Elevated,12.8,"Borderline Low",98,Normal,0.7,Normal,185,Normal,C,320,"Within Normal Limits",26,0,0,1
217403,51,Falaknuma,9,73556,1838,240.5,0,0,0,238,1,9,231.5,0,13,222,18,192,25,1.32,"High Creatinine",144,144,"Stage-1 Hypertension",16.1,Normal,128,Normal,1.2,Normal,186,Normal,C,200,"Within Normal Limits",31,0,0,0
221763,47,Falaknuma,9,118110,4199,327.5,0,0,3,119,18,302.5,25,0,107.5,184.5,92.5,44.5,155,0.9,Normal,109,109,Normal,14.1,Normal,102,Normal,0.65,Normal,158,Normal,A,320,"Within Normal Limits",23,0,0,0
209478,53,Falaknuma,11,70425,3119,234.5,0,0,0,183,31,233.5,1,0,30.5,185.5,140,20.5,55.5,0.9,Normal,103,103,Normal,11,"Borderline Low",129,Normal,0.86,Normal,186,Normal,C,300,"Within Normal Limits",27,0,0,0
214399,55,Falaknuma,5,59234,2699,191.5,0,0,5.5,139.5,35.5,177,14.5,0,77.5,103.5,37,54.5,89.5,0.9,Normal,173,173,"Stage-2 Hypertension",14.9,Normal,148,Prediabetes,1,Normal,169,Normal,D,NULL,"Within Normal Limits",NULL,0,0,0
153124,43,Falaknuma,12,60996,4362,202,0,0,0,154.5,44.5,190,12,0,76,116.5,35,62,95.5,1,Normal,111,111,Normal,15,Normal,109,Normal,0.8,Normal,250,Borderline,C,300,"Within Normal Limits",23,1,0,0
205596,58,Falaknuma,9,98223,3172,171,0,0,0,5.5,1.5,166.5,4.5,0,49,117.5,76,2.5,88,1,Normal,123,123,Normal,15.3,Normal,132,Normal,0.8,Normal,188,Normal,A,NULL,"Within Normal Limits",NULL,0,0,0
151710,46,Falaknuma,10,97025,2467,262.5,0,0,3,14.5,8.5,253.5,9,0,72.5,179,71,9.5,171,0.9,Normal,108,108,Normal,14.5,Normal,113,Normal,0.95,Normal,125,Normal,A,260,"Within Normal Limits",22,0,0,0
215424,48,Falaknuma,12,62606,2906,239.5,0,0,0,224.5,1,239.5,0,0,10,132,119,6,17,0.9,Normal,128,128,Normal,15.2,Normal,126,Normal,1,Normal,165,Normal,A,200,"Within Normal Limits",21,1,0,0
217178,44,Falaknuma,12,54621,2865,197.5,0,0,1.5,184,9,194,3.5,0,118,61,25.5,20.5,133,0.9,Normal,126,126,Normal,14.3,Normal,110,Normal,1.9,"High Bilirubin",176,Normal,C,300,"Within Normal Limits",28,0,0,0
214531,55,Falaknuma,9,76201,4882,247.5,0,0,0,246.5,0.5,10,237.5,0,38,203.5,145,10,86.5,1,Normal,104,104,Normal,14.5,Normal,106,Normal,0.58,Normal,186,Normal,A,290,"Within Normal Limits",25,1,0,1
216576,49,Falaknuma,12,80093,3258,262.5,0,0,1,38.5,219,261,1.5,0,21.5,237.5,204,31,24,0.9,Normal,113,113,Normal,14.3,Normal,104,Normal,2.5,"High Bilirubin",210,Borderline,D,260,"Within Normal Limits",22,0,1,0
219864,41,Falaknuma,11,89078,2752,238.5,0,0,0,6.5,2,229.5,9,0,106.5,118.5,110,21.5,93.5,0.9,Normal,128,128,Elevated,15.5,Normal,96,Normal,0.8,Normal,173,Normal,B,450,"Within Normal Limits",26,1,0,0
215501,56,Falaknuma,11,73801,2865,228,0,0,0.5,113.5,37,206.5,21.5,0,67,93.5,46,31.5,83,0.9,Normal,134,134,Elevated,14,Normal,73,Normal,0.9,Normal,189,Normal,B,260,"Within Normal Limits",28,0,0,0
209563,59,Falaknuma,10,62538,3008,227,0,0,0,194.5,29,227,0,0,70.5,144.5,87,28,100,0.8,Normal,120,120,Normal,13.2,Normal,140,Normal,0.5,Normal,158,Normal,C,NULL,"LOW VOLTAGE QRS",NULL,0,0,0
219506,46,Falaknuma,9,74603,5078,244,0,0,0,241.5,2.5,8,236,0,9,234.5,221,5.5,17,1,Normal,107,107,Normal,14.6,Normal,115,Normal,0.9,Normal,187,Normal,A,250,"Within Normal Limits",29,0,0,1
219554,40,Falaknuma,11,63395,4045,210.5,2,0,0,57,142,37.5,173,0,144.5,56,31,150.5,19,1.3,"High Creatinine",115,115,Normal,15.2,Normal,128,Normal,0.8,Normal,195,Normal,C,220,"Within Normal Limits",24,0,0,0
237304,42,Falaknuma,11,78487,3217,198,4,0,4.5,111.5,27,85.5,112.5,0,56,116.5,64,26,82.5,1.2,"High Creatinine",122,122,Normal,14.7,Normal,129,Normal,1.2,Normal,185,Normal,C,250,"Within Normal Limits",27,0,0,0
220555,44,Falaknuma,11,51128,2078,169,0,0,0,9.5,159.5,167,2,0,80,40.5,28.5,80.5,11.5,0.98,Normal,126,126,Normal,13.7,Normal,149,Prediabetes,0.85,Normal,154,Normal,C,NULL,"T WAVE INVERSION IN LEAD M ",NULL,0,0,0
220575,45,Falaknuma,11,60134,3081,206.5,0,0,3,78.5,120,185,21.5,0,110.5,84.5,46.5,108.5,40,1,Normal,99,99,Normal,14.2,Normal,140,Normal,1.1,Normal,216,Borderline,C,NULL,"Within Normal Limits",NULL,0,0,0
206942,57,Falaknuma,7,56663,2835,202,0,0,0,201,0,200.5,1.5,0,8,184,165.5,6.5,20,0.85,Normal,98,98,Normal,14.1,Normal,99,Normal,0.7,Normal,152,Normal,A,260,"Within Normal Limits",22,0,0,0
208555,50,Falaknuma,7,85894,4453,214.5,0,0,0,2.5,1,3,211.5,0,2,206,116.5,8,83.5,1,Normal,150,150,"Stage-1 Hypertension",13.2,Normal,210,Diabetes,0.98,Normal,254,Abnormal,D,460,"Within Normal Limits",24,0,0,0
210951,58,Falaknuma,11,59512,7232,200.5,0,0,0,172.5,27.5,196.5,4,0,23,167,37,122.5,30.5,0.9,Normal,139,139,Elevated,13.2,Normal,124,Normal,0.58,Normal,147,Normal,B,350,"Within Normal Limits",25,1,0,1
208024,54,Falaknuma,10,52245,2626,187,0,0,0,182.5,4.5,187,0,0,11,173.5,77,5,102.5,1,Normal,106,106,Normal,14.3,Normal,87,Normal,1.1,Normal,192,Normal,A,200,"Within Normal Limits",30,1,0,0
209194,56,Falaknuma,10,78983,3086,237.5,0,0,0,79.5,63.5,230.5,7,0,88.5,71,28.5,38,93,1,Normal,148,148,"Stage-1 Hypertension",15.9,Normal,100,Normal,0.8,Normal,178,Normal,C,260,"Within Normal Limits",26,1,1,0
153347,50,Falaknuma,11,79196,3410,233,0,0,6,115,51,183,50,0,58.5,137,63,42,90.5,0.9,Normal,138,138,Elevated,16,Normal,138,Normal,1.2,Normal,215,Borderline,C,NULL,"Within Normal Limits",NULL,0,0,0
219592,47,Falaknuma,10,106577,2478,281.5,0,0,1,62,7.5,265.5,16,0,33.5,227,39,12,209.5,0.8,Normal,137,137,Elevated,14,Normal,110,Normal,1,Normal,171,Normal,B,250,"Within Normal Limits",29,1,0,0
220424,42,Falaknuma,10,62441,8911,237,0,0,0,224,12.5,230.5,2,0,15.5,214,18.5,189,22,0.95,Normal,114,114,Normal,13.9,Normal,93,Normal,1,Normal,185,Normal,A,650,"Within Normal Limits",22,1,0,0
153428,36,Falaknuma,12,74446,3491,212.5,1,0,1.5,116,22,38,174.5,0,56.5,129.5,70.5,44,71.5,0.96,Normal,156,156,"Stage-1 Hypertension",13.1,Normal,120,Normal,0.8,Normal,189,Normal,C,360,"Within Normal Limits",26,1,0,0
219945,47,Falaknuma,10,30851,1604,107,0,0,0,94.5,5.5,83.5,23.5,0,48,50.5,22.5,25,51,0.9,Normal,122,122,Normal,14.3,Normal,114,Normal,1,Normal,168,Normal,A,300,"Within Normal Limits",27,1,0,1
204937,59,Falaknuma,11,65595,2849,236,0,0,0,234.5,1.5,236,0,0,5.5,227.5,15.5,9.5,208,1.1,Normal,120,120,Normal,13.6,Normal,105,Normal,1.5,"High Bilirubin",187,Normal,C,280,"Within Normal Limits",30,0,0,0
211802,50,Falaknuma,9,71100,2786,231.5,0,0,0,6.5,223.5,230.5,1,0,9.5,209.5,7,206,6,0.9,Normal,121,121,Normal,12.9,"Borderline Low",120,Normal,1.3,"High Bilirubin",163,Normal,C,350,"Within Normal Limits",21,0,0,0
215665,44,Falaknuma,9,109747,2938,298,0,0,6,89.5,9,266.5,31.5,0,47.5,223.5,43,29.5,198.5,1.1,Normal,151,151,"Stage-1 Hypertension",13.2,Normal,110,Normal,0.6,Normal,216,Borderline,C,200,"Within Normal Limits",26,0,0,0
207472,58,Falaknuma,9,67611,3389,162,0,0,0,160,0.5,161,1,0,12.5,148.5,137.5,6,17.5,0.9,Normal,151,151,"Stage-1 Hypertension",14.6,Normal,71,Normal,1,Normal,198,Normal,C,300,"Within Normal Limits",23,0,0,0
220587,42,Falaknuma,12,66053,2124,219,0,0,4.5,43.5,166.5,45.5,173.5,0,127,41.5,101.5,43.5,23.5,1.13,Normal,109,109,Normal,16,Normal,222,Diabetes,0.6,Normal,211,Borderline,D,410,"Within Normal Limits",26,0,0,0
238197,38,Falaknuma,10,82496,3197,245.5,0,0,1,42,192.5,211,34.5,0,75,160.5,25.5,71,139,0.87,Normal,110,110,Normal,13.6,Normal,98,Normal,1,Normal,204,Borderline,C,250,"Intraventricular Condution Defect",27,1,0,0
208545,55,Falaknuma,9,83165,1524,207.5,0,0,0,1.5,1,2.5,205,0,4,167.5,9,4.5,158,0.6,Normal,138,138,Elevated,13,Normal,168,Prediabetes,0.5,Normal,269,Abnormal,D,230,"LVH MONITOR",20,0,0,0
219591,46,Falaknuma,9,85140,3864,241.5,0,0,9,154.5,39,176,65.5,0,72,147,80,38.5,100.5,1,Normal,152,152,"Stage-1 Hypertension",13.4,Normal,137,Normal,0.95,Normal,154,Normal,C,260,"Within Normal Limits",27,0,0,0
217330,48,Falaknuma,7,45471,2134,155.5,0,0,0,60,95.5,155.5,0,0,93.5,58,25,32,94.5,1,Normal,130,130,Normal,14.6,Normal,107,Normal,1,Normal,171,Normal,A,NULL,"Within Normal Limits",NULL,0,0,0
219862,54,Falaknuma,10,55814,7240,178.5,0,0,0,176.5,1.5,176.5,2,0,39.5,103.5,72.5,5,65.5,1.2,"High Creatinine",132,132,Elevated,13.6,Normal,126,Normal,0.9,Normal,169,Normal,C,290,"Within Normal Limits",26,1,0,0
220163,54,Falaknuma,10,64607,3114,219,0,0,2,212,4.5,212,7,0,11.5,206.5,10.5,9.5,198,1,Normal,122,122,Normal,11.2,"Borderline Low",89,Normal,0.52,Normal,154,Normal,C,350,"Within Normal Limits",23,1,0,0
220412,46,Falaknuma,12,53843,2501,170,0,0,3,121,23.5,123,47,0,38,91.5,43,37,49.5,0.8,Normal,125,125,Normal,14.4,Normal,114,Normal,0.8,Normal,192,Normal,A,250,"Within Normal Limits",20,1,0,0
220586,51,Falaknuma,10,64654,2650,212,0,0,1,10.5,200.5,209.5,2.5,0,67.5,23,16,63.5,11,NULL,NULL,NULL,NULL,NULL,NULL,NULL,NULL,NULL,NULL,NULL,NULL,NULL,NULL,260,NULL,23,1,0,0
207321,58,Falaknuma,9,67989,3331,240,0,0,1,229.5,4.5,237,3,0,28.5,157.5,24,119,43,0.9,Normal,159,159,"Stage-1 Hypertension",14.3,Normal,131,Normal,1.6,"High Bilirubin",159,Normal,C,200,"Within Normal Limits",32,0,0,0
221447,39,Falaknuma,12,57738,3932,187.5,0,0,0,129,47,147,40.5,0,46.5,105,53,50.5,48,1,Normal,139,139,Elevated,15.1,Normal,103,Normal,0.9,Normal,169,Normal,B,470,"Within Normal Limits",28,1,0,0
209233,57,Falaknuma,10,76550,3635,259,0,0,0,247,7.5,254.5,4.5,0,176.5,73.5,29.5,24,196.5,1.38,"High Creatinine",136,136,Elevated,12,"Borderline Low",136,Normal,0.5,Normal,214,Borderline,C,NULL,"Within Normal Limits",NULL,0,0,0
219533,42,Falaknuma,11,85534,3247,230,0,0,11.5,116.5,13,207,23,0,81,129,84,34,92,1.1,Normal,112,112,Normal,13.9,Normal,120,Normal,0.7,Normal,177,Normal,A,300,"Within Normal Limits",27,0,0,0
219961,48,Falaknuma,7,65106,2462,207,0,0,0.5,198.5,4.5,195.5,11.5,0,7,121,12.5,102.5,13,0.9,Normal,151,151,"Stage-1 Hypertension",12.9,"Borderline Low",109,Normal,0.8,Normal,172,Normal,C,300,"Within Normal Limits",25,1,0,0
220431,42,Falaknuma,11,100938,3713,271,0,0,3,149,11,144.5,126.5,0,53,197.5,47,30,173.5,0.8,Normal,162,162,"Stage-2 Hypertension",14.6,Normal,122,Normal,1.5,"High Bilirubin",148,Normal,D,NULL,"Within Normal Limits",NULL,0,0,0
214944,51,Falaknuma,10,81260,2818,261.5,0,0,0,259,1.5,243.5,18,0,47.5,212,197.5,9,53,1,Normal,166,166,"Stage-2 Hypertension",14.2,Normal,93,Normal,0.65,Normal,152,Normal,D,350,"T WAVE INVERTION IN LEAD",24,1,0,0
219861,42,Falaknuma,11,79560,4089,287.5,0,0,1,203.5,41.5,275,12.5,0,37.5,201.5,47,48,144,1,Normal,113,113,Normal,15.1,Normal,147,Prediabetes,1,Normal,185,Normal,C,200,"Within Normal Limits",24,0,0,1
220430,43,Falaknuma,11,72055,3312,157.5,0,0,3,138.5,2,138.5,19,0,23.5,129,116.5,8.5,27.5,0.9,Normal,166,166,"Stage-2 Hypertension",14,Normal,88,Normal,1,Normal,251,Abnormal,D,250,"Within Normal Limits",24,0,0,0
211105,55,Falaknuma,11,63776,3212,230.5,0,0,0,228,0.5,230.5,0,0,3,171.5,26.5,139,9,0.9,Normal,135,135,Elevated,13.2,Normal,110,Normal,1.3,"High Bilirubin",196,Normal,C,350,"Within Normal Limits",31,0,0,1
219742,45,Falaknuma,8,71554,3128,258.5,0,0,0,255.5,2.5,255.5,3,0,10,242,13,11,228,0.8,Normal,121,121,Normal,13.6,Normal,102,Normal,0.87,Normal,169,Normal,A,300,"Within Normal Limits",25,0,0,0
221646,48,Falaknuma,12,82020,3676,232,0,0,3.5,135.5,52,151.5,80.5,0,55.5,150.5,69,56,81,0.8,Normal,116,116,Normal,12.8,"Borderline Low",125,Normal,0.9,Normal,209,Borderline,C,NULL,"Within Normal Limits",NULL,0,0,0
207968,55,Falaknuma,4,23210,1375,76.5,0,0,0,72,2.5,11.5,65,0,17,59,30,17,29,NULL,NULL,NULL,NULL,NULL,NULL,NULL,NULL,NULL,NULL,NULL,NULL,NULL,NULL,NULL,NULL,NULL,0,0,0
217489,49,Falaknuma,11,67405,3200,227.5,0,0,1,174.5,15,217,10.5,0,19.5,194,171.5,8.5,33.5,1.1,Normal,116,116,Normal,14.5,Normal,86,Normal,0.9,Normal,236,Borderline,C,NULL,"Within Normal Limits",NULL,0,0,0
219927,43,Falaknuma,10,74309,3552,220,0,0,3,113.5,54.5,156,64,0,51.5,151.5,90,43,70,0.9,Normal,139,139,"Stage-1 Hypertension",15.2,Normal,117,Normal,1,Normal,166,Normal,C,310,"Incomplete LBBB",22,1,1,0
221057,48,Falaknuma,7,22097,812,52.5,0,0,1,34.5,10.5,33,19.5,0,25,18,10.5,5.5,27,NULL,NULL,NULL,NULL,NULL,NULL,NULL,NULL,NULL,NULL,NULL,NULL,NULL,NULL,NULL,NULL,NULL,0,0,0
211675,49,Falaknuma,9,72721,3060,250,0,0,1,9,240,250,0,0,4.5,243.5,8.5,7,232.5,0.82,Normal,123,123,Normal,12.8,"Borderline Low",140,Normal,0.49,Normal,215,Borderline,C,NULL,"Within Normal Limits",NULL,0,0,0
220260,44,Falaknuma,10,74349,3201,239,0,0,2.5,227.5,9,214,25,0,15.5,222.5,116.5,23,98.5,0.8,Normal,137,137,Elevated,14.2,Normal,118,Normal,1.1,Normal,172,Normal,B,300,"Within Normal Limits",25,0,0,0
207984,58,Falaknuma,10,62765,3148,225,0,0,0,224.5,0.5,225,0,0,175,21,14.5,7.5,174,0.85,Normal,128,128,Normal,14.3,Normal,156,Prediabetes,0.3,Normal,244,Borderline,C,260,"Within Normal Limits",24,0,0,0
214919,52,Falaknuma,7,82585,3137,256.5,0,0,0.5,251.5,2.5,252.5,4,0,142,111.5,12.5,94.5,146.5,1,Normal,126,126,Normal,14,Normal,184,Prediabetes,1,Normal,195,Normal,C,280,"Within Normal Limits",23,0,0,0
220122,45,Falaknuma,11,2938,190,10,0,0,0,5.5,4.5,10,0,0,3,6,0.5,5,3.5,NULL,NULL,NULL,NULL,NULL,NULL,NULL,NULL,NULL,NULL,NULL,NULL,NULL,NULL,NULL,NULL,NULL,0,0,0
221472,40,Falaknuma,12,48469,1944,152.5,0,0,2.5,145.5,3.5,148,4.5,0,7,143.5,97.5,33.5,19.5,0.9,Normal,133,133,Elevated,14.7,Normal,81,Normal,1,Normal,175,Normal,C,NULL,"St Abnormalities T Negative or Biphasic",NULL,0,0,0
209829,56,Falaknuma,10,26701,1016,45,0,0,0,31,14,40,5,0,8.5,36,17.5,8.5,18.5,0.8,Normal,123,123,Normal,15,Normal,173,Prediabetes,0.8,Normal,185,Normal,C,285,"Intraventricular Condution Defect",19,0,0,0
221054,38,Falaknuma,9,71435,3346,240.5,0,0,0,23,215.5,235.5,5,0,177.5,49.5,26.5,176.5,24,0.9,Normal,111,111,Normal,14.7,Normal,126,Normal,1.1,Normal,186,Normal,A,350,"Within Normal Limits",22,0,0,0
209444,58,Falaknuma,8,67170,3133,240,0,0,1.5,192.5,5.5,237,3,0,29,185,142.5,34,37.5,0.9,Normal,112,112,Normal,13.8,Normal,127,Normal,1.1,Normal,234,Borderline,C,360,"Within Normal Limits",24,0,0,0
220531,43,Falaknuma,11,61126,3332,231.5,0,0,0,220,10.5,226.5,5,0,16.5,209.5,25.5,174.5,26,1.1,Normal,99,99,Normal,14.4,Normal,131,Normal,0.8,Normal,186,Normal,A,500,"Within Normal Limits",23,1,0,0
219859,40,Falaknuma,4,77315,5345,258.5,0,0,0,42,210.5,28,230.5,0,199,49,21.5,207,19.5,1.05,Normal,159,159,"Stage-2 Hypertension",14.6,Normal,141,Prediabetes,0.3,Normal,207,Borderline,D,300,Tachycardia,25,0,0,0
219930,41,Falaknuma,11,58998,3699,188,0,0,1,177,4,23,165,0,112.5,69,28.5,39,114,1,Normal,153,153,"Stage-1 Hypertension",15.3,Normal,84,Normal,0.9,Normal,162,Normal,C,390,"Within Normal Limits",28,1,0,0
211630,50,Falaknuma,8,71130,3628,260,0,0,2,254,4,257.5,2.5,0,15.5,155,23.5,126.5,20.5,1,Normal,134,134,Elevated,13.4,Normal,103,Normal,0.58,Normal,195,Normal,C,310,"ABNORMAL RBBB,ADVICE 2D ECHO",26,0,0,0
211720,53,Falaknuma,10,67279,1792,248.5,0,0,0,248.5,0,7,241.5,0,0,173.5,18,151,4.5,1.1,Normal,109,109,Normal,14.9,Normal,131,Normal,0.9,Normal,210,Borderline,C,350,"ST SEGMENT ELEVATION",24,0,0,0
214492,52,Falaknuma,6,98298,4999,243.5,0,0,0,11.5,2,13,230.5,0,8,222,130,5.5,94.5,0.8,Normal,136,136,Elevated,14.8,Normal,100,Normal,1.6,"High Bilirubin",209,Borderline,C,300,"Within Normal Limits",27,0,0,0
175156,56,Falaknuma,3,71067,3346,266,0,0,7.5,181.5,70,217.5,48.5,0,39.5,181.5,76,46.5,98.5,0.8,Normal,117,117,Normal,14.8,Normal,142,Prediabetes,1.3,"High Bilirubin",179,Normal,C,300,"Within Normal Limits",26,0,0,0
209275,59,Falaknuma,12,60646,2862,216.5,0,0,0,188,26.5,216.5,0,0,62,128,44.5,38.5,107,1,Normal,112,112,Normal,13.4,Normal,154,Prediabetes,1.6,"High Bilirubin",152,Normal,C,300,"Within Normal Limits",22,0,0,0
238372,47,Falaknuma,11,70869,3174,233.5,0,0,0,16,217.5,231.5,2,0,108.5,116,15.5,198,11,1.2,"High Creatinine",137,137,Elevated,13.7,Normal,135,Normal,0.9,Normal,169,Normal,C,NULL,"Within Normal Limits",NULL,0,0,0
209389,56,Falaknuma,10,63240,3277,234,0,0,0,233,1,233,1,0,123,107,17,10,203,0.9,Normal,155,155,"Stage-1 Hypertension",14.2,Normal,154,Prediabetes,0.8,Normal,152,Normal,C,260,"T WAVE INVERSION IN LEAD 3 MONITOR BP",34,0,0,0
219761,53,Falaknuma,7,39907,2691,229.5,0,0,0,12.5,4,226.5,3,0,1.5,210,14.5,193.5,3.5,0.8,Normal,137,137,Elevated,14,Normal,110,Normal,1,Normal,171,Normal,B,420,"Within Normal Limits",26,0,0,0
220173,46,Falaknuma,11,63990,3339,230.5,0,0,1,208,19,225,5.5,0,22,201,85,93.5,44.5,1.1,Normal,138,138,Elevated,12.9,"Borderline Low",123,Normal,1,Normal,152,Normal,C,200,"Within Normal Limits",22,0,0,1
221485,43,Falaknuma,10,70747,3730,219,0,0,2.5,206.5,9.5,202.5,16.5,0,104,89.5,23,53,117.5,1,Normal,178,178,"Stage-2 Hypertension",14.6,Normal,129,Normal,0.8,Normal,180,Normal,D,260,"Incomplete RBBB",25,1,0,0
209874,58,Falaknuma,11,68051,2746,224,0,0,0,216,7.5,223,1,0,14,205.5,112,14,93.5,0.9,Normal,137,137,Elevated,13.4,Normal,103,Normal,1,Normal,184,Normal,B,NULL,"Within Normal Limits",NULL,0,0,0
220136,45,Falaknuma,10,75302,3549,247.5,1,0,3,16,227.5,239.5,8,0,15,231.5,23,12,211.5,1,Normal,135,135,Elevated,13,Normal,129,Normal,0.8,Normal,174,Normal,C,260,"Minor ST-T Abnormalities",36,0,0,0
238390,39,Falaknuma,11,87950,5026,272,0,0,6,186,53,161,111,0,87.5,156,90,60,93.5,0.96,Normal,118,118,Normal,15.2,Normal,148,Prediabetes,1,Normal,185,Normal,C,400,"Within Normal Limits",25,0,0,0
238422,39,Falaknuma,11,48345,2413,151,0,0,2,90,37.5,116.5,34.5,0,45,83.5,39.5,37.5,51.5,0.7,Normal,138,138,Elevated,14.3,Normal,159,Prediabetes,0.65,Normal,185,Normal,C,370,"Within Normal Limits",27,1,1,0
220313,46,Falaknuma,11,62082,2996,217.5,0,0,0.5,178.5,32,212,5.5,0,61,95,52,38.5,65.5,1.2,"High Creatinine",115,115,Normal,13.4,Normal,126,Normal,1.5,"High Bilirubin",165,Normal,C,100,"Within Normal Limits",22,1,0,0
205454,59,Falaknuma,10,69286,2724,224,0,0,0,11,211.5,223.5,0.5,0,16.5,202,12,15.5,191,0.9,Normal,166,166,"Stage-2 Hypertension",12.9,"Borderline Low",127,Normal,1.2,Normal,179,Normal,D,NULL,"Within Normal Limits",NULL,0,0,0
211673,50,Falaknuma,9,90028,2539,240.5,0,0,3,28.5,11.5,207.5,32.5,0,80.5,143,37,52.5,134,1.1,Normal,140,140,Elevated,14.7,Normal,86,Normal,3,"High Bilirubin",210,Borderline,D,290,"Within Normal Limits",25,0,0,0
219929,41,Falaknuma,11,16548,850,56.5,0,0,0.5,41.5,14.5,51,5.5,0,20,35.5,19,10,26.5,NULL,NULL,NULL,NULL,NULL,NULL,NULL,NULL,NULL,NULL,NULL,NULL,NULL,NULL,NULL,NULL,NULL,0,0,0
221373,47,Falaknuma,11,96438,3538,237.5,2,0,8.5,135,46.5,178,59.5,0,87,126.5,55.5,60,98,0.9,Normal,134,134,Elevated,13.7,Normal,110,Normal,1.1,Normal,171,Normal,B,250,"Within Normal Limits",33,0,0,0
210859,52,Falaknuma,10,62656,3187,228.5,0,0,0,223.5,4,227.5,1,0,18,204,13.5,162,46.5,0.95,Normal,176,176,"Stage-2 Hypertension",10.9,"Borderline Low",144,Prediabetes,1.2,Normal,230,Borderline,D,300,"Incomplete LBBB",33,0,0,1
221910,45,Falaknuma,9,762,39,2.5,0,0,0,1,1.5,1.5,1,0,0,2.5,0.5,2,0,NULL,NULL,NULL,NULL,NULL,NULL,NULL,NULL,NULL,NULL,NULL,NULL,NULL,NULL,NULL,NULL,NULL,0,0,0
237253,42,Falaknuma,12,48267,2991,162.5,0,0,0.5,121.5,39,152,10.5,0,34,119,45,44.5,63.5,1,Normal,144,144,"Stage-1 Hypertension",14.6,Normal,131,Normal,1,Normal,174,Normal,C,NULL,"Within Normal Limits",NULL,0,0,0
220448,48,Falaknuma,8,2098,104,7,0,0,0,5,2,5,2,0,1.5,4.5,2,2,2,NULL,NULL,NULL,NULL,NULL,NULL,NULL,NULL,NULL,NULL,NULL,NULL,NULL,NULL,NULL,NULL,NULL,0,0,0
207995,56,Falaknuma,11,77909,2606,250,0,0,0,240,10,249,1,0,27.5,213.5,166,7,68,0.9,Normal,128,128,Normal,12.6,"Borderline Low",140,Normal,0.9,Normal,152,Normal,C,280,"Within Normal Limits",30,0,0,0
219503,51,Falaknuma,12,48068,2627,161,0,0,1,16,143.5,161,0,0,29,130.5,106.5,37.5,15.5,0.9,Normal,107,107,Normal,14.4,Normal,87,Normal,2.6,"High Bilirubin",172,Normal,D,290,"Within Normal Limits",24,0,0,0
221367,50,Falaknuma,10,19112,1417,70,0,0,0,60.5,7.5,64,6,0,12.5,53,20,20,25.5,1,Normal,101,101,Normal,14.2,Normal,152,Prediabetes,1.4,"High Bilirubin",152,Normal,C,200,"Within Normal Limits",27,0,0,0
238772,47,Falaknuma,11,61706,3401,229,0,0,3,151,54,218,11,0,55.5,93.5,50.5,34.5,64,1,Normal,110,110,Normal,14.8,Normal,130,Normal,1.1,Normal,172,Normal,A,220,"Within Normal Limits",28,0,0,0
238350,41,Falaknuma,10,91514,4638,283.5,0,0,1,211.5,35.5,69.5,214,0,79.5,175,86,69.5,99,0.9,Normal,145,145,"Stage-1 Hypertension",13.7,Normal,110,Normal,2.2,"High Bilirubin",189,Normal,D,400,"Minor ST-T abnormalities",30,1,0,1
291076,55,Falaknuma,12,63190,2726,220.5,0,0,0,75.5,144,219,1.5,0,114.5,88,30,113.5,59,0.8,Normal,148,148,"Stage-1 Hypertension",13.5,Normal,113,Normal,0.7,Normal,163,Normal,C,200,"Within Normal Limits",20,0,1,0
215573,43,Falaknuma,12,39555,1804,119,0,0,0,72,36.5,93,26,0,35,73.5,34.5,36,38,NULL,NULL,NULL,NULL,NULL,NULL,NULL,NULL,NULL,NULL,NULL,NULL,NULL,NULL,NULL,NULL,NULL,0,0,0
237833,42,Falaknuma,12,64506,3023,207,0,0,0,202.5,2.5,187,20,0,98,72.5,22.5,48.5,99.5,1.17,Normal,155,155,"Stage-1 Hypertension",14.6,Normal,138,Normal,0.8,Normal,198,Normal,C,250,"Left Axis Deviation",23,1,1,1
238037,39,Falaknuma,8,76612,6715,239,0,0,2.5,197.5,32.5,206.5,32.5,0,42,188,148,26.5,55.5,1.1,Normal,116,116,Normal,11.9,"Borderline Low",79,Normal,0.9,Normal,173,Normal,C,320,"Within Normal Limits",28,0,0,0
153521,37,Falaknuma,11,108833,3976,277,0,0,13,108,77,155.5,121.5,0,102.5,137.5,61,43.5,135.5,0.8,Normal,135,135,Elevated,11.9,"Borderline Low",118,Normal,1,Normal,169,Normal,C,NULL,"Within Normal Limits",NULL,0,0,0
220210,54,Falaknuma,9,68657,3872,237,0,0,0,204,20.5,122,115,0,64,153,113.5,44,59.5,0.9,Normal,138,138,Elevated,10.7,"Borderline Low",106,Normal,1.3,"High Bilirubin",264,Abnormal,D,200,"Within Normal Limits",24,1,0,0
